natur,0.0
worri,0.0
cupertino,0.0
fabric,0.0
cigar,0.0
law,0.0
've,0.0
notic,0.0
heart,0.0
soil,0.0
feet,0.0
unfinish,0.0
kerri,0.0
islam,0.0
toxic,0.0
pulpit,0.0
roosevelt,0.0
cater,0.0
architect,0.0
hide,0.0
chicago,0.0
drew,0.0
systemat,0.0
100-percent,0.0
60,0.0
lack,0.0
dant,0.0
highest,0.0
potenti,0.0
tuition,0.0
shenoy,0.0
150,0.0
strategi,0.0
target,0.0
gather,0.0
swann,0.0
fight,0.0
rational,0.0
macomb,0.0
loophol,0.0
chime,0.0
hispana,0.0
loan,0.0
detain,0.0
identifi,0.0
discount,0.0
power,0.0
washington,0.0
thrown,0.0
univers,0.0
office—tak,0.0
cross,0.0
heartwarm,0.0
initi,0.0
dinner,0.0
interdepend,0.0
dc,0.0
extend,0.0
marshal,0.0
true—w,0.0
vern,0.0
doubl,0.0
almost,0.0
franc,0.0
clear,0.0
correctli,0.0
full,0.0
coincid,0.0
squawk,0.0
decision-mak,0.0
institut,0.0
adam,0.0
outlin,0.0
histori,0.0
drug-fre,0.0
stack,0.0
rub,0.0
fuell,0.0
chaplain,0.0
proud,0.0
',0.0
gender,0.0
typic,0.0
1785,0.0
orient,0.0
complex,0.0
descript,0.0
coupl,0.0
red,0.0
sovereignti,0.0
salari,0.0
wartim,0.0
sanctuari,0.0
patrick,0.0
help,0.0
abov,0.0
steadi,0.0
routin,0.0
mouth,0.0
prior,0.0
welcom,0.0
teller,0.0
councillors—that,0.0
digit,0.0
2nd,0.0
weinstein,0.0
whirlwind,0.0
hamil,0.0
countri,0.0
hunter,0.0
brilliant,0.0
incid,0.0
pretti,0.0
guy,0.0
assert,0.0
neal,0.0
inspector,0.0
guid,0.0
central,0.0
whoever,0.0
frost,0.0
112,0.0
august,0.0
reason,0.0
belief,0.0
oversea,0.0
pro-job,0.0
oh,0.0
qaida,0.0
lunch,0.0
progress,0.0
preciou,0.0
author,0.0
furiou,0.0
sarah,0.0
statistician,0.0
secondari,0.0
exist,0.0
'm,0.0
bucki,0.0
particularli,0.0
renegoti,0.0
period,0.0
tangibl,0.0
travel,0.0
bicker,0.0
set,0.0
outinnov,0.0
hot,0.0
impart,0.0
combin,0.0
denni,0.0
unabl,0.0
worthless,0.0
road,0.0
halloween,0.0
erod,0.0
crew,0.0
mr,0.0
storag,0.0
roxi,0.0
lord,0.0
nada,0.0
iowa,0.0
1991,0.0
oath,0.0
loser,0.0
aerospac,0.0
desk,0.0
modifi,0.0
wic,0.0
fool,0.0
sum,0.0
also,0.0
impress,0.0
johnni,0.0
partnership,0.0
historian,0.0
jungl,0.0
overtim,0.0
councillor,0.0
9,0.0
pure,0.0
trap,0.0
increas,0.0
diminish,0.0
penal,0.0
fossil,0.0
ounc,0.0
jihad,0.0
steril,0.0
5\1/2\,0.0
endow,0.0
refer,0.0
gave,0.0
airplan,0.0
mica,0.0
six-,0.0
chicken,0.0
ohio,0.0
behalf,0.0
born,0.0
kent,0.0
victim,0.0
'94,0.0
carolina,0.0
sahara,0.0
legitimaci,0.0
adjust,0.0
sadist,0.0
independ,0.0
would,0.0
65,0.0
out-compet,0.0
prompt,0.0
39,0.0
enorm,0.0
bradley,0.0
post,0.0
38-year,0.0
pride,0.0
argu,0.0
abernathi,0.0
grown,0.0
appropri,0.0
execut,0.0
celebr,0.0
mari,0.0
'92,0.0
two-and-a-half,0.0
're,0.0
taxpay,0.0
marin,0.0
side,0.0
christmas,0.0
origin,0.0
pakistan,0.0
inequ,0.0
communidad,0.0
topic,0.0
entir,0.0
surviv,0.0
dungeon,0.0
sadli,0.0
bill,0.0
distort,0.0
safest,0.0
studio,0.0
disarma,0.0
insur,0.0
conservat,0.0
brown,0.0
20,0.0
pap,0.0
glow,0.0
nevada,0.0
staff,0.0
stanford,0.0
obes,0.0
frontier,0.0
wish,0.0
radic,0.0
enough—w,0.0
cuomo,0.0
successor,0.0
pleas,0.0
conflict,0.0
alex,0.0
quo,0.0
penni,0.0
framework,0.0
traffic,0.0
republ,0.0
faith,0.0
marian,0.0
newspap,0.0
mope,0.0
deliveri,0.0
develop,0.0
jewel,0.0
andrew,0.0
chuckl,0.0
200,0.0
sterrett,0.0
pregnant,0.0
fruit,0.0
preconcept,0.0
laura,0.0
renew,0.0
treati,0.0
guarante,0.0
innoc,0.0
ward,0.0
christma,0.0
shill,0.0
schoolhous,0.0
kind,0.0
specter,0.0
suddenli,0.0
oil,0.0
partner,0.0
churchil,0.0
build,0.0
florida,0.0
exploit,0.0
seal,0.0
cambodia,0.0
julian,0.0
captiv,0.0
retire.,0.0
shore,0.0
poorer,0.0
riot,0.0
termin,0.0
measur,0.0
probabl,0.0
solemn,0.0
neighborhood,0.0
shatter,0.0
superb,0.0
1964,0.0
18,0.0
block,0.0
child,0.0
well,0.0
rate,0.0
print,0.0
montesquieu,0.0
mighti,0.0
con,0.0
distinct,0.0
sex,0.0
jefferson,0.0
exorbit,0.0
stevenson,0.0
exagger,0.0
walden,0.0
hare-brain,0.0
—,0.0
eas,0.0
reagan-bush,0.0
foothold,0.0
jumpstart,0.0
religion,0.0
reinvest,0.0
hold,0.0
widen,0.0
landon,0.0
teamwork,0.0
disciplin,0.0
panel,0.0
15th,0.0
columbu,0.0
frankli,0.0
point,0.0
sid,0.0
harmoni,0.0
team,0.0
yesterday,0.0
9/11,0.0
;,0.0
seam,0.0
lobbyist,0.0
abraham,0.0
invad,0.0
mar,0.0
45,0.0
thu,0.0
repeal,0.0
seat,0.0
desir,0.0
marsh,0.0
spending—a,0.0
happen,0.0
deadli,0.0
romania,0.0
decreas,0.0
cute,0.0
quit,0.0
hello,0.0
grotiu,0.0
propos,0.0
consent,0.0
cell,0.0
ray,0.0
tax,0.0
wisdom,0.0
reduct,0.0
honest,0.0
employ,0.0
climb,0.0
lofgren,0.0
sensibl,0.0
advisor,0.0
carol,0.0
re-nomin,0.0
lynn,0.0
two-year,0.0
april,0.0
medic,0.0
brett,0.0
organis,0.0
adopt,0.0
round,0.0
minor,0.0
tallahasse,0.0
1964.,0.0
meal,0.0
derrick,0.0
humil,0.0
victori,0.0
40,0.0
ago,0.0
ladder,0.0
well-resourc,0.0
muhammad,0.0
frankin,0.0
turkish,0.0
halliburton,0.0
fairminded,0.0
pace,0.0
case,0.0
oppon,0.0
place,0.0
kin,0.0
purg,0.0
clay,0.0
god,0.0
wisconsin,0.0
flora,0.0
afford,0.0
climat,0.0
whenev,0.0
town,0.0
catalyst,0.0
encourag,0.0
stori,0.0
creed,0.0
unselfish,0.0
inclus,0.0
allegi,0.0
play,0.0
comput,0.0
cut,0.0
expir,0.0
plead,0.0
fairli,0.0
knew,0.0
light,0.0
girl,0.0
properti,0.0
colonialist,0.0
fugit,0.0
cook,0.0
campu,0.0
peru,0.0
lectur,0.0
b,0.0
superstar,0.0
letter,0.0
supplement,0.0
haul,0.0
14,0.0
director,0.0
bestow,0.0
hunt,0.0
marvin,0.0
journey,0.0
—a,0.0
proper,0.0
de,0.0
meet,0.0
philadelphia,0.0
deed,0.0
pleasur,0.0
asthma,0.0
biomed,0.0
healthier,0.0
spot,0.0
medal,0.0
betti,0.0
sacrific,0.0
klink,0.0
jess,0.0
all-pow,0.0
courtesi,0.0
elimin,0.0
precis,0.0
crucial,0.0
especi,0.0
rapid,0.0
padgett,0.0
paycheck,0.0
ether,0.0
burnett,0.0
insid,0.0
renam,0.0
easier,0.0
dwarf,0.0
big,0.0
barbour,0.0
rain,0.0
gilman,0.0
four-year,0.0
soldier,0.0
parliament,0.0
job-creat,0.0
effort,0.0
yet,0.0
organ,0.0
fate,0.0
minut,0.0
rest,0.0
award,0.0
eshoo,0.0
invok,0.0
young,0.0
though,0.0
calexico,0.0
critic,0.0
lead,0.0
resent,0.0
banish,0.0
scandal,0.0
dispos,0.0
drop,0.0
twentieth-centuri,0.0
foreign,0.0
emblem,0.0
okinawa,0.0
grew,0.0
violent,0.0
scientist,0.0
out-educ,0.0
prophet,0.0
sullivan,0.0
currenc,0.0
eat,0.0
japan,0.0
sizeabl,0.0
1950,0.0
possibl,0.0
quot,0.0
bodi,0.0
profession,0.0
logist,0.0
shrink,0.0
shout-out,0.0
inadequ,0.0
resid,0.0
sorri,0.0
sub-prim,0.0
invas,0.0
instanc,0.0
ice,0.0
battlefront,0.0
bigotri,0.0
prepay,0.0
abolitionist,0.0
!,0.0
prison,0.0
volunt,0.0
rancher,0.0
bowi,0.0
special,0.0
dedic,0.0
wherebi,0.0
black,0.0
suprem,0.0
hors,0.0
uganda,0.0
snow,0.0
birth,0.0
quarterback,0.0
charm,0.0
tapestri,0.0
navajo,0.0
crime,0.0
prepar,0.0
malia,0.0
90,0.0
aggreg,0.0
1990,0.0
midwest,0.0
tortur,0.0
trick-or-tr,0.0
disarm,0.0
door,0.0
coach,0.0
avenu,0.0
daddi,0.0
stereo,0.0
shackl,0.0
robust,0.0
finer,0.0
wayn,0.0
belfast,0.0
mere,0.0
seen,0.0
form,0.0
essenti,0.0
spend,0.0
roll,0.0
smart,0.0
rockefel,0.0
100th,0.0
primari,0.0
tegen,0.0
captur,0.0
west,0.0
congreg,0.0
beach,0.0
sought,0.0
hal,0.0
prosper,0.0
least,0.0
security-minu,0.0
upon,0.0
coverag,0.0
neediest,0.0
sign,0.0
desper,0.0
warner,0.0
franklin,0.0
impati,0.0
bunch,0.0
%,0.0
fullest,0.0
then-governor,0.0
window,0.0
disagre,0.0
date,0.0
deleg,0.0
livelihood,0.0
gambl,0.0
wage,0.0
waitress,0.0
fallen,0.0
kathi,0.0
jump,0.0
certainli,0.0
friendship,0.0
settl,0.0
“,0.0
enterpris,0.0
voinovich,0.0
extrem,0.0
closer,0.0
invalu,0.0
aircraft,0.0
go,0.0
ethnic,0.0
know,0.0
holm,0.0
ted,0.0
role,0.0
dare,0.0
patent,0.0
neck,0.0
represent,0.0
choir,0.0
michel,0.0
huddl,0.0
weldon,0.0
base,0.0
introduc,0.0
benson,0.0
scarborough,0.0
neighbor,0.0
half-centuri,0.0
ebenez,0.0
compet,0.0
1940,0.0
itali,0.0
height,0.0
brave,0.0
reconstruct,0.0
fulli,0.0
tour,0.0
distract,0.0
people..,0.0
incred,0.0
obama,0.0
front,0.0
newbi,0.0
admit,0.0
israelit,0.0
english,0.0
confid,0.0
easi,0.0
meander,0.0
uncontrol,0.0
audaci,0.0
scholarship,0.0
catastroph,0.0
commission,0.0
branch,0.0
cool,0.0
guest,0.0
collect,0.0
crown,0.0
liber,0.0
grow,0.0
carolyn,0.0
cutler,0.0
step,0.0
marc,0.0
necess,0.0
give,0.0
el,0.0
undu,0.0
foundri,0.0
shutter,0.0
exxon,0.0
safe-haven,0.0
arriv,0.0
knock,0.0
protect,0.0
1980,0.0
curs,0.0
malaria,0.0
congratul,0.0
way,0.0
effect,0.0
search,0.0
tomorrow,0.0
disloc,0.0
negotiaton,0.0
wheel,0.0
consortium,0.0
turbin,0.0
1950.,0.0
congressman,0.0
talent,0.0
'90,0.0
intern,0.0
cellular,0.0
latent,0.0
doe,0.0
wow,0.0
thank,0.0
saint,0.0
proprietor,0.0
construct,0.0
water,0.0
schroeder,0.0
zama,0.0
content,0.0
affair,0.0
's,0.0
honour,0.0
prosecutor,0.0
seventeen,0.0
wide,0.0
heal,0.0
real,0.0
passeng,0.0
higher,0.0
alcohol,0.0
oftentim,0.0
sidelin,0.0
naval,0.0
allen,0.0
soon,0.0
importantli,0.0
``,0.0
coexist,0.0
15.,0.0
heckler,0.0
apolog,0.0
short,0.0
high-rank,0.0
kingpin,0.0
assembl,0.0
borrow,0.0
19.4,0.0
unknown,0.0
ever,0.0
king,0.0
god-given,0.0
immedi,0.0
reded,0.0
hous,0.0
henri,0.0
savior,0.0
elder,0.0
inaugur,0.0
aneur,0.0
flat-lin,0.0
connel,0.0
fourth,0.0
chart,0.0
wyandott,0.0
most-favor,0.0
address,0.0
choic,0.0
corrupt,0.0
synagogu,0.0
middleman,0.0
entrepreneuri,0.0
landscap,0.0
koch,0.0
line,0.0
kitchen,0.0
1983,0.0
langston,0.0
kitti,0.0
usual,0.0
lie,0.0
gross,0.0
kennedi,0.0
market,0.0
thrill,0.0
price,0.0
leav,0.0
e-mail,0.0
unfortun,0.0
sole,0.0
tee-shirt,0.0
grassroot,0.0
jointli,0.0
satisfi,0.0
imparti,0.0
erect,0.0
erm,0.0
approach,0.0
watchdog,0.0
cuba,0.0
abil,0.0
darn,0.0
unifi,0.0
costli,0.0
age,0.0
field,0.0
reliev,0.0
constitu,0.0
extrasensori,0.0
demint,0.0
1960,0.0
queen,0.0
destini,0.0
scott,0.0
preach,0.0
pact,0.0
contain,0.0
tragic,0.0
highest-rank,0.0
ancient,0.0
faster,0.0
breakfast,0.0
paus,0.0
siren,0.0
ballist,0.0
mindset,0.0
someon,0.0
would-b,0.0
hand-in-hand,0.0
hut,0.0
*,0.0
sheriff,0.0
intim,0.0
aquina,0.0
c-46,0.0
servicemen,0.0
42,0.0
chose,0.0
spartan,0.0
tide,0.0
jim,0.0
ozark,0.0
abort,0.0
fantast,0.0
glen,0.0
drove,0.0
frequent,0.0
engag,0.0
realiz,0.0
medium,0.0
12,0.0
midst,0.0
chambliss,0.0
color,0.0
lesli,0.0
reput,0.0
batteri,0.0
accord,0.0
attitud,0.0
time,0.0
occasion,0.0
joke,0.0
ask,0.0
artifici,0.0
truste,0.0
barbecu,0.0
geniu,0.0
inspir,0.0
policymak,0.0
swing,0.0
principl,0.0
eli,0.0
suspici,0.0
hi,0.0
sergeant,0.0
sometim,0.0
leadership,0.0
1727,0.0
volusia,0.0
100,0.0
diabet,0.0
trade,0.0
silver,0.0
achiev,0.0
gresham,0.0
march,0.0
poll,0.0
rosalynn,0.0
downgrad,0.0
septemb,0.0
camp,0.0
8,0.0
unfulfil,0.0
wife,0.0
asid,0.0
chairman,0.0
heartfelt,0.0
intellig,0.0
maintain,0.0
someplac,0.0
subvert,0.0
consider,0.0
merci,0.0
incompat,0.0
kass,0.0
ronald,0.0
satisfact,0.0
acknowledg,0.0
forth,0.0
calder,0.0
plow,0.0
tyranni,0.0
63,0.0
whatev,0.0
detail,0.0
spider,0.0
linkag,0.0
es,0.0
elect,0.0
difficulti,0.0
aspir,0.0
vietnam,0.0
cardozo,0.0
dema,0.0
outdon,0.0
longer,0.0
influenc,0.0
categori,0.0
.,0.0
luther,0.0
vividli,0.0
scar,0.0
1961.,0.0
fresh,0.0
rivalri,0.0
ha,0.0
decid,0.0
dozen,0.0
starv,0.0
week—not,0.0
boom,0.0
servant,0.0
legisl,0.0
keller,0.0
affin,0.0
hair,0.0
coffe,0.0
babi,0.0
situat,0.0
talbott,0.0
hammond,0.0
125,0.0
5-year,0.0
1972,0.0
regim,0.0
chaperon,0.0
polit,0.0
rage,0.0
macmillan,0.0
left,0.0
consensu,0.0
attent,0.0
dog,0.0
herndon,0.0
afghan,0.0
heritag,0.0
fade,0.0
scandinavian,0.0
captain,0.0
roundli,0.0
wolfowitz,0.0
airmen,0.0
succe,0.0
news,0.0
),0.0
suffici,0.0
experi,0.0
magnific,0.0
delong,0.0
vehicl,0.0
respect,0.0
becaus,0.0
surveil,0.0
gate,0.0
built,0.0
complic,0.0
middle-class,0.0
splendor,0.0
103rd,0.0
indochina,0.0
boost,0.0
honestli,0.0
stretch,0.0
dean,0.0
indiffer,0.0
look,0.0
’,0.0
wrote,0.0
signatur,0.0
function,0.0
competit,0.0
carl,0.0
wing,0.0
bullet,0.0
focu,0.0
reserves—they,0.0
civil,0.0
movement,0.0
recent,0.0
doctrin,0.0
advoc,0.0
seiz,0.0
wild,0.0
jersey,0.0
—an,0.0
hardest,0.0
tent,0.0
adlai,0.0
busi,0.0
bloodiest,0.0
pavilion,0.0
greek,0.0
happier,0.0
belong,0.0
liabil,0.0
filibust,0.0
uss,0.0
battalion,0.0
educ,0.0
constel,0.0
coal,0.0
stimson,0.0
zeidman,0.0
bloodthirsti,0.0
sununu,0.0
friend,0.0
discov,0.0
cancer,0.0
subject,0.0
archivist,0.0
thrive,0.0
decemb,0.0
nea,0.0
hijack,0.0
38,0.0
particular,0.0
abu,0.0
bullock,0.0
sown,0.0
exceed,0.0
mistaken,0.0
ed,0.0
solar,0.0
parra,0.0
salt,0.0
surplu,0.0
repercuss,0.0
partli,0.0
mad,0.0
illiteraci,0.0
depend,0.0
undertaken,0.0
school,0.0
futur,0.0
handicap,0.0
famin,0.0
sever,0.0
cheer,0.0
halt,0.0
indign,0.0
unsaf,0.0
appl,0.0
fairest,0.0
5.8,0.0
proven,0.0
well-organ,0.0
besid,0.0
thread,0.0
complet,0.0
blinder,0.0
scienc,0.0
held,0.0
patienc,0.0
winter,0.0
polici,0.0
press,0.0
cathol,0.0
barbar,0.0
nobli,0.0
junto,0.0
unsurpass,0.0
accomplish,0.0
terror,0.0
delus,0.0
omiss,0.0
normalci,0.0
25,0.0
13-year-old,0.0
slide,0.0
sheboygan,0.0
ultimatum,0.0
momentum,0.0
ocean,0.0
warsaw,0.0
sketch,0.0
dewin,0.0
desert,0.0
good,0.0
impli,0.0
ill,0.0
stronger,0.0
stuf,0.0
share,0.0
depart,0.0
blow,0.0
prematur,0.0
advanc,0.0
flatter,0.0
aliv,0.0
alik,0.0
privileg,0.0
halv,0.0
book,0.0
germani,0.0
judici,0.0
fillmor,0.0
coehlo,0.0
steadili,0.0
insuffer,0.0
chilli,0.0
british,0.0
launch,0.0
guess,0.0
spark,0.0
spectrum,0.0
version,0.0
hyde,0.0
airlin,0.0
comment,0.0
hurt,0.0
safe,0.0
chariti,0.0
microsoft,0.0
bust,0.0
mainspr,0.0
openli,0.0
somehow,0.0
antidrug,0.0
grade,0.0
extra,0.0
part,0.0
greet,0.0
truth,0.0
gerald,0.0
24th,0.0
tyrant,0.0
usag,0.0
poster,0.0
recal,0.0
one-year-old,0.0
footbal,0.0
nidal,0.0
doctor,0.0
night,0.0
notwithstand,0.0
sharon,0.0
bound,0.0
myer,0.0
overcrowd,0.0
1993.,0.0
fanci,0.0
transport,0.0
full-servic,0.0
tendenc,0.0
system,0.0
substanti,0.0
collin,0.0
catuto,0.0
10-15,0.0
22,0.0
els,0.0
198,0.0
reject,0.0
ira,0.0
realist,0.0
by-elect,0.0
stephen,0.0
prioriti,0.0
suburb,0.0
air,0.0
repudi,0.0
grandson,0.0
evapor,0.0
forev,0.0
white,0.0
vessey,0.0
mani,0.0
hastert,0.0
partisan,0.0
flagler,0.0
store,0.0
aton,0.0
fourteen,0.0
seriou,0.0
stamp,0.0
delawar,0.0
bear,0.0
pass,0.0
panic,0.0
flunk,0.0
redeem,0.0
bruce,0.0
review,0.0
secret,0.0
shame,0.0
alabama,0.0
basketbal,0.0
well-spoken,0.0
ammunit,0.0
simpli,0.0
none,0.0
must,0.0
milton,0.0
elig,0.0
onstag,0.0
think,0.0
overlook,0.0
juanita,0.0
ephesian,0.0
dick,0.0
frustrat,0.0
abroad,0.0
riley,0.0
deni,0.0
oklahoma,0.0
bosnia,0.0
therefor,0.0
dure,0.0
ticket,0.0
saw,0.0
sioux,0.0
battlefield,0.0
migrat,0.0
vachss,0.0
optim,0.0
mose,0.0
estado,0.0
gener,0.0
disagr,0.0
stake,0.0
scale,0.0
subscript,0.0
yakima,0.0
settlement,0.0
58,0.0
presidentat,0.0
horizon,0.0
hit,0.0
handl,0.0
everywher,0.0
prolong,0.0
soft,0.0
ultim,0.0
uniti,0.0
dealey,0.0
solv,0.0
devast,0.0
half-ful,0.0
armenian,0.0
persuas,0.0
roller,0.0
spirit,0.0
messag,0.0
spoken,0.0
wise,0.0
corpor,0.0
conner,0.0
likewis,0.0
youngest,0.0
scientif,0.0
thirdli,0.0
partial-birth,0.0
dad,0.0
howev,0.0
notr,0.0
attack,0.0
farther,0.0
twenty-two,0.0
ceo,0.0
casper,0.0
4,0.0
unpreced,0.0
defianc,0.0
sincer,0.0
poam,0.0
tuesday,0.0
30th,0.0
loyalti,0.0
mean,0.0
cbc,0.0
semest,0.0
plu,0.0
decad,0.0
mexico,0.0
birthday,0.0
imagin,0.0
pennsylvania,0.0
abus,0.0
mileston,0.0
mizzou,0.0
council,0.0
empower,0.0
valuabl,0.0
buoy,0.0
coleman,0.0
holl,0.0
belov,0.0
'98,0.0
sin,0.0
big-dollar,0.0
assist,0.0
massiv,0.0
guinn,0.0
mid-30,0.0
lather,0.0
ditch,0.0
alreadi,0.0
stool,0.0
assum,0.0
equal,0.0
top,0.0
wildfir,0.0
fair,0.0
thug,0.0
yanke,0.0
sight,0.0
pastor,0.0
quick,0.0
calm,0.0
nice,0.0
cherish,0.0
applaus,0.0
summit,0.0
all-volunt,0.0
rule,0.0
select,0.0
highli,0.0
rudimentari,0.0
row,0.0
remark,0.0
remov,0.0
affection,0.0
mcnamara,0.0
unlimit,0.0
sealift,0.0
wors,0.0
agricultur,0.0
incom,0.0
well-b,0.0
jobs—to,0.0
portland,0.0
outer,0.0
brief,0.0
kick,0.0
contributor,0.0
congo,0.0
ukrain,0.0
session,0.0
lieuten,0.0
research,0.0
obvious,0.0
expend,0.0
petti,0.0
strengthen,0.0
representar,0.0
adrift,0.0
winter—and,0.0
gallow,0.0
subscrib,0.0
joe,0.0
constantli,0.0
instead,0.0
sad,0.0
budgetari,0.0
confetti,0.0
preexist,0.0
strife,0.0
unequ,0.0
scholar,0.0
presenc,0.0
compani,0.0
100.,0.0
everybodi,0.0
high,0.0
incompet,0.0
shaken,0.0
phrase,0.0
figur,0.0
earlier,0.0
dispers,0.0
nondiscrimin,0.0
insight,0.0
athlet,0.0
occup,0.0
whitehead,0.0
found,0.0
file,0.0
stunningli,0.0
nurs,0.0
herbert,0.0
barri,0.0
jurist,0.0
lend,0.0
distanc,0.0
40th,0.0
deep,0.0
enforc,0.0
cashel,0.0
22-plu,0.0
stage,0.0
difficult,0.0
georgia,0.0
gorgeou,0.0
perish,0.0
cash,0.0
coretta,0.0
ride,0.0
awar,0.0
presid,0.0
mccain,0.0
sport,0.0
harder,0.0
assur,0.0
mrs.,0.0
footstep,0.0
20-year-old,0.0
engin,0.0
philosophi,0.0
custom,0.0
uniqu,0.0
employer-bas,0.0
smooth,0.0
gratitud,0.0
schusterman,0.0
vend,0.0
paperwork,0.0
take,0.0
promot,0.0
london,0.0
lest,0.0
spur,0.0
planet,0.0
harm,0.0
stale,0.0
whittier,0.0
counsel,0.0
fargo,0.0
fit,0.0
danger,0.0
prejudic,0.0
terrorist,0.0
steer,0.0
unimport,0.0
reclaim,0.0
solid,0.0
oval,0.0
world-class,0.0
archbishop,0.0
neglect,0.0
betray,0.0
code,0.0
lose,0.0
mom,0.0
1949,0.0
human,0.0
person,0.0
creation,0.0
uniform,0.0
broadcast,0.0
fastest,0.0
structur,0.0
leaner,0.0
caus,0.0
persist,0.0
shadow,0.0
anyway,0.0
leon,0.0
'caus,0.0
annex,0.0
overal,0.0
enough,0.0
rung,0.0
armenia,0.0
spite,0.0
homeless,0.0
americorp,0.0
entrepreneurship,0.0
normal,0.0
admir,0.0
instruct,0.0
drunk,0.0
dividend,0.0
carv,0.0
obey,0.0
lick,0.0
regardless,0.0
billington,0.0
greatest,0.0
militari,0.0
grant,0.0
'80,0.0
end,0.0
modern,0.0
mcmaster,0.0
perhap,0.0
phase,0.0
columbia,0.0
i.,0.0
rememb,0.0
money,0.0
2005.,0.0
contemptu,0.0
ralli,0.0
upstair,0.0
threw,0.0
suggest,0.0
partisanship,0.0
sector,0.0
chapter,0.0
hell,0.0
jame,0.0
statu,0.0
90th,0.0
dave,0.0
passion,0.0
could,0.0
near,0.0
ethic,0.0
slip,0.0
finish,0.0
thousand-dollar,0.0
zoe,0.0
tax-fre,0.0
personnel,0.0
10th,0.0
congress,0.0
divis,0.0
priest,0.0
bird,0.0
iraq,0.0
convinc,0.0
yeah,0.0
weld,0.0
speed,0.0
promis,0.0
mirror,0.0
watch,0.0
head,0.0
medicin,0.0
ga,0.0
r.,0.0
farmer,0.0
johnson,0.0
lo,0.0
anyth,0.0
westminist,0.0
brother,0.0
charl,0.0
sugar,0.0
complain,0.0
finger,0.0
agre,0.0
bard,0.0
wait,0.0
illinoi,0.0
oppress,0.0
visitor,0.0
technicolor,0.0
bought,0.0
bless,0.0
unnecessari,0.0
public,0.0
cover,0.0
broken,0.0
rural,0.0
profit,0.0
mistak,0.0
sixteen,0.0
angela,0.0
weight,0.0
summer,0.0
spontan,0.0
japanes,0.0
al,0.0
textbook,0.0
contrast,0.0
burner,0.0
excel,0.0
half,0.0
inescap,0.0
2004,0.0
johnston,0.0
ramif,0.0
economi,0.0
control,0.0
plan,0.0
lay,0.0
local,0.0
bob,0.0
grass,0.0
almighti,0.0
actual,0.0
shield,0.0
laci,0.0
primarili,0.0
small,0.0
ye,0.0
unstabl,0.0
ministeri,0.0
1969,0.0
97,0.0
jack,0.0
fall,0.0
recuper,0.0
rumour,0.0
condo,0.0
offic,0.0
elitist,0.0
sake,0.0
certain,0.0
aggress,0.0
ministri,0.0
tactic,0.0
virtual,0.0
s.,0.0
straight,0.0
bauer,0.0
prevent,0.0
victor,0.0
westsid,0.0
indic,0.0
cloak,0.0
sister,0.0
bush,0.0
subsidi,0.0
percent,0.0
somewher,0.0
paul,0.0
storehous,0.0
texa,0.0
poverti,0.0
000.,0.0
space,0.0
montreal,0.0
detroit,0.0
sunday,0.0
event,0.0
arm,0.0
condit,0.0
autom,0.0
danc,0.0
flow,0.0
moseley-braun,0.0
sermon,0.0
bode,0.0
intimid,0.0
post-9/11,0.0
spielberg,0.0
151st,0.0
noon,0.0
blank,0.0
respons,0.0
cost,0.0
elsewher,0.0
venu,0.0
food,0.0
popul,0.0
present,0.0
gerri,0.0
away,0.0
etern,0.0
one-fourth,0.0
three-strikes-and-you're-out,0.0
creativ,0.0
export,0.0
frozen,0.0
1993,0.0
high-level,0.0
activ,0.0
caught,0.0
jazz,0.0
weav,0.0
embrac,0.0
warmheart,0.0
deepli,0.0
amongst,0.0
jone,0.0
generos,0.0
innov,0.0
frivol,0.0
might,0.0
everyon,0.0
unemploy,0.0
warn,0.0
action,0.0
echo,0.0
common,0.0
abli,0.0
health,0.0
administ,0.0
led,0.0
govern,0.0
era,0.0
method,0.0
marsha,0.0
enjoy,0.0
vigor,0.0
experienc,0.0
mckinley,0.0
individu,0.0
compar,0.0
disgrac,0.0
insist,0.0
bennett,0.0
disturb,0.0
1948.,0.0
goal,0.0
twenty-four,0.0
useless,0.0
bier,0.0
precipit,0.0
oprah,0.0
home,0.0
vermont,0.0
overwhelmingli,0.0
banker,0.0
setback,0.0
winfrey,0.0
fought,0.0
gateway,0.0
honore,0.0
250,0.0
broader,0.0
marilyn,0.0
near-miss,0.0
crude,0.0
north,0.0
five,0.0
total,0.0
edg,0.0
founder,0.0
librari,0.0
boy,0.0
smallest,0.0
pro-growth,0.0
peasant,0.0
1929,0.0
brutal,0.0
influenti,0.0
quota,0.0
wick,0.0
1979,0.0
checkup,0.0
face,0.0
justifi,0.0
strike,0.0
provid,0.0
lao,0.0
bigger,0.0
dawn,0.0
blade,0.0
ottawa,0.0
ca,0.0
onli,0.0
oregon,0.0
lowest,0.0
5,0.0
indivis,0.0
commiss,0.0
statist,0.0
thirst,0.0
alway,0.0
plant,0.0
centerfield,0.0
santa,0.0
floor,0.0
skill,0.0
mold,0.0
honor,0.0
announc,0.0
inventor,0.0
dear,0.0
environment,0.0
box,0.0
rare,0.0
odd,0.0
modest,0.0
51,0.0
gloriou,0.0
closest,0.0
african,0.0
moral,0.0
forward-lean,0.0
ident,0.0
mandat,0.0
christian,0.0
unbeliev,0.0
prove,0.0
wealthier,0.0
saxbi,0.0
cradl,0.0
so-cal,0.0
dukaki,0.0
czechoslovakia,0.0
discrimin,0.0
knowledg,0.0
suppos,0.0
deregul,0.0
ngo,0.0
morial,0.0
henc,0.0
pufendorf,0.0
centuri,0.0
understood,0.0
factori,0.0
greg,0.0
misunderstood,0.0
rail,0.0
forg,0.0
rise,0.0
strongest,0.0
anoth,0.0
bowl,0.0
mic,0.0
thurgood,0.0
nato,0.0
earmark,0.0
wit,0.0
enhanc,0.0
determin,0.0
160,0.0
outsid,0.0
burlington,0.0
hangman,0.0
significantli,0.0
jail,0.0
loyalist,0.0
bread,0.0
applic,0.0
third,0.0
irish,0.0
1994,0.0
interst,0.0
game,0.0
automak,0.0
courthous,0.0
brush,0.0
societi,0.0
notion,0.0
sponsor,0.0
one-year,0.0
galvan,0.0
troy,0.0
longest-serv,0.0
bed,0.0
hugh,0.0
out-of-control,0.0
babysat,0.0
east,0.0
far,0.0
2,0.0
fatten,0.0
unaccept,0.0
term,0.0
museum,0.0
cast,0.0
discuss,0.0
prayer,0.0
pragmatist,0.0
wrongli,0.0
improv,0.0
lifetim,0.0
zach,0.0
benedict,0.0
project,0.0
tear-drench,0.0
favorit,0.0
contract,0.0
truli,0.0
endur,0.0
piper,0.0
dig,0.0
210,0.0
thought,0.0
litter,0.0
shift,0.0
learn,0.0
woman,0.0
reflect,0.0
oblig,0.0
cuw,0.0
nois,0.0
cleaner,0.0
metropolitan,0.0
pot,0.0
sparta,0.0
pragu,0.0
shalala,0.0
patriot,0.0
leah,0.0
'93,0.0
21st,0.0
10-year,0.0
crime-fre,0.0
hey,0.0
hard-earn,0.0
emphas,0.0
one-quart,0.0
wozniak,0.0
intend,0.0
sourc,0.0
claus,0.0
less,0.0
protuli,0.0
pornographi,0.0
picker,0.0
easili,0.0
intoler,0.0
pacif,0.0
comparison,0.0
tri,0.0
protest,0.0
fact,0.0
center,0.0
reiter,0.0
credit,0.0
worship,0.0
estim,0.0
second-tim,0.0
lot,0.0
hate,0.0
ad,0.0
vigil,0.0
june,0.0
featur,0.0
fewer,0.0
murray,0.0
grandmoth,0.0
healthcar,0.0
distinguish,0.0
soar,0.0
hoars,0.0
group,0.0
visit,0.0
nine,0.0
candidaci,0.0
want—precis,0.0
everi,0.0
question,0.0
patrol,0.0
moment,0.0
whose,0.0
bama,0.0
thousand,0.0
recruit,0.0
snuf,0.0
bright,0.0
agon,0.0
1991.,0.0
libertarian,0.0
shoulder,0.0
bureaucrat,0.0
imposit,0.0
continu,0.0
agent,0.0
imprison,0.0
honduran,0.0
schipsk,0.0
dark,0.0
proce,0.0
fund,0.0
took,0.0
platform,0.0
chief,0.0
1960.,0.0
taft,0.0
dudzinski,0.0
nonprofit,0.0
1,0.0
prospect,0.0
tireless,0.0
podesta,0.0
1839,0.0
asia,0.0
steak,0.0
social,0.0
passerbi,0.0
bulg,0.0
breakdown,0.0
600,0.0
enemi,0.0
need,0.0
artist,0.0
psychic,0.0
mix,0.0
add,0.0
background,0.0
party-lin,0.0
ground-break,0.0
colonel,0.0
owner,0.0
hard,0.0
proprietorship,0.0
whitman,0.0
coward,0.0
chair,0.0
1984.,0.0
week,0.0
lago,0.0
sharehold,0.0
doubt,0.0
abet,0.0
land,0.0
welfar,0.0
pittsburgh,0.0
unassum,0.0
impression—that,0.0
item,0.0
pressur,0.0
barrett,0.0
l.,0.0
embodi,0.0
involv,0.0
cuban,0.0
downright,0.0
ampl,0.0
gutenberg,0.0
fiction,0.0
ford,0.0
capit,0.0
note,0.0
fell,0.0
identif,0.0
profess,0.0
americano,0.0
disadvantag,0.0
hook,0.0
challeng,0.0
77,0.0
kohl,0.0
briefli,0.0
constitut,0.0
low,0.0
pound,0.0
loss,0.0
eight,0.0
65-year-old,0.0
elijah,0.0
fitzgerald,0.0
88,0.0
edward,0.0
anxieti,0.0
studi,0.0
two-bit,0.0
tougaloo,0.0
yield,0.0
psycholog,0.0
110,0.0
ninety-f,0.0
missil,0.0
bushi,0.0
peopl,0.0
donor,0.0
earth,0.0
check,0.0
mockeri,0.0
eras,0.0
stewardship,0.0
speechwrit,0.0
fun,0.0
becom,0.0
former,0.0
violat,0.0
henchman,0.0
ourselv,0.0
feed,0.0
toni,0.0
observ,0.0
drive,0.0
hawk,0.0
d.c,0.0
alon,0.0
kept,0.0
confeder,0.0
holi,0.0
3rd-grade,0.0
buoyanc,0.0
confirm,0.0
dastardli,0.0
mid-centuri,0.0
discretionari,0.0
rocki,0.0
anger,0.0
differ,0.0
among,0.0
lower,0.0
eri,0.0
navig,0.0
forag,0.0
1992,0.0
miller,0.0
realiti,0.0
signifi,0.0
resili,0.0
tripl,0.0
libya,0.0
appli,0.0
18-year-old,0.0
louder,0.0
cordial,0.0
envoy,0.0
tuck,0.0
recommend,0.0
curiel,0.0
treat,0.0
hang,0.0
joy,0.0
befor,0.0
hill,0.0
famili,0.0
extraordinarili,0.0
wealth,0.0
strickland,0.0
liven,0.0
grenada,0.0
graffiti,0.0
someth,0.0
ignor,0.0
slice,0.0
a.,0.0
baldrig,0.0
chef,0.0
task,0.0
worst,0.0
sale,0.0
pension,0.0
zone,0.0
revenu,0.0
sub,0.0
precinct,0.0
scream,0.0
trail,0.0
dr.,0.0
nelson,0.0
advantag,0.0
enron,0.0
lost,0.0
coolidg,0.0
prodigi,0.0
holocaust,0.0
nfl,0.0
reactionari,0.0
factor,0.0
putney,0.0
realm,0.0
temperatur,0.0
souter,0.0
signific,0.0
weak,0.0
necessari,0.0
taxat,0.0
prohibit,0.0
reform,0.0
gone,0.0
colleg,0.0
bridg,0.0
dwell,0.0
averag,0.0
cynic,0.0
consist,0.0
womb,0.0
lauri,0.0
show,0.0
separ,0.0
destroy,0.0
uncertain,0.0
advertis,0.0
funni,0.0
wright,0.0
much,0.0
around,0.0
yearn,0.0
palmer,0.0
teen,0.0
handout,0.0
restor,0.0
frank,0.0
sudhak,0.0
employe,0.0
wakim,0.0
shake,0.0
deserv,0.0
audienc,0.0
benefits—tour,0.0
airport,0.0
data,0.0
lapidu,0.0
unit,0.0
taught,0.0
turn,0.0
happi,0.0
toppl,0.0
today,0.0
beerbow,0.0
throat,0.0
freedom,0.0
energi,0.0
drag,0.0
blader,0.0
voter,0.0
mccurri,0.0
wive,0.0
math,0.0
song,0.0
break,0.0
–,0.0
anchor,0.0
class,0.0
cleanup,0.0
paralyz,0.0
hover,0.0
quicker,0.0
cochair,0.0
canal,0.0
cleland,0.0
readi,0.0
wind,0.0
excus,0.0
opinion,0.0
mooney,0.0
anti-terror,0.0
fuel,0.0
jailer,0.0
enter,0.0
struggl,0.0
schiavo,0.0
ebay,0.0
race,0.0
baby-boom,0.0
furthermor,0.0
ladi,0.0
bureau,0.0
reed,0.0
out-work,0.0
schoolteach,0.0
mentor,0.0
dime,0.0
mongolia,0.0
fortun,0.0
pattern,0.0
hospit,0.0
does—w,0.0
apart,0.0
nerv,0.0
confront,0.0
eagl,0.0
persian,0.0
sporad,0.0
otherwis,0.0
commerci,0.0
lauren,0.0
hardwork,0.0
mountaintop,0.0
tim,0.0
forum,0.0
3-d,0.0
beneficiari,0.0
administr,0.0
labor,0.0
stalker,0.0
deterior,0.0
reign,0.0
extent,0.0
duti,0.0
violenc,0.0
atlanta,0.0
nra,0.0
rangel,0.0
ground,0.0
whether,0.0
socialist,0.0
command,0.0
pray,0.0
alf,0.0
budget,0.0
curtail,0.0
redempt,0.0
ai,0.0
torricelli,0.0
strateg,0.0
wyom,0.0
fault,0.0
dictatori,0.0
diverg,0.0
injustic,0.0
400,0.0
master,0.0
infant,0.0
reckless,0.0
sdi,0.0
right,0.0
rot,0.0
vicki,0.0
mile,0.0
seem,0.0
ferri,0.0
ambassador,0.0
western,0.0
mainstream,0.0
heard,0.0
max,0.0
toughest,0.0
stand,0.0
describ,0.0
fe,0.0
pro-labor,0.0
nasa,0.0
yokosuka,0.0
bureaucraci,0.0
goe,0.0
denver,0.0
irwin,0.0
shape,0.0
asset,0.0
bamboozl,0.0
evid,0.0
size,0.0
fellow,0.0
pathfind,0.0
fundament,0.0
3rd,0.0
tougher,0.0
recaptur,0.0
bent,0.0
kerrey,0.0
grandchildren,0.0
network,0.0
homestead,0.0
cabot,0.0
key,0.0
superhighway,0.0
respond,0.0
declin,0.0
particip,0.0
undo,0.0
gift,0.0
financ,0.0
plain,0.0
allow,0.0
stuff,0.0
arnold,0.0
mend,0.0
nutrit,0.0
felon,0.0
approv,0.0
warrior,0.0
england,0.0
televis,0.0
sent,0.0
outproduc,0.0
fast-pac,0.0
movi,0.0
ancestor,0.0
oldest,0.0
andrad,0.0
recogn,0.0
ribald,0.0
doubtless,0.0
econom,0.0
unleash,0.0
compassion,0.0
1962,0.0
christ,0.0
cheney,0.0
albert,0.0
interim,0.0
waiver,0.0
refinanc,0.0
honestly—y,0.0
colleagu,0.0
bag,0.0
qualiti,0.0
holler,0.0
wealthiest,0.0
deba,0.0
prod,0.0
broad,0.0
stroke,0.0
abl,0.0
reconsid,0.0
$,0.0
conscienc,0.0
eye,0.0
guevara,0.0
virtu,0.0
reveng,0.0
entrepreneur,0.0
8-year-old,0.0
16,0.0
year,0.0
season,0.0
26,0.0
subtract,0.0
breath,0.0
recept,0.0
penc,0.0
strain,0.0
undersid,0.0
censu,0.0
jackson,0.0
began,0.0
even,0.0
degre,0.0
golden,0.0
link,0.0
librarian,0.0
naacp,0.0
well-paid,0.0
stolen,0.0
piec,0.0
forgotten,0.0
materi,0.0
bad,0.0
explor,0.0
speak,0.0
uneasili,0.0
children,0.0
afternoon,0.0
manag,0.0
recognis,0.0
carolin,0.0
k,0.0
bench,0.0
elementari,0.0
chemic,0.0
it�,0.0
lipinski,0.0
high-sugar,0.0
talk,0.0
upper,0.0
hurrican,0.0
35,0.0
billion,0.0
twenty-f,0.0
say,0.0
walter,0.0
china,0.0
arlington,0.0
edelman,0.0
commun,0.0
kurd,0.0
palestinian,0.0
earl,0.0
definit,0.0
continent,0.0
taylor,0.0
felt,0.0
pollut,0.0
reserv,0.0
6-month,0.0
conserv,0.0
folk,0.0
steel,0.0
dorothi,0.0
certif,0.0
veto,0.0
tunnel,0.0
recoveri,0.0
hamilton,0.0
success,0.0
concern,0.0
priceless,0.0
core,0.0
grievanc,0.0
conscious,0.0
wil,0.0
w.,0.0
truck,0.0
nonelderli,0.0
smell,0.0
ehler,0.0
mortal,0.0
sing,0.0
benjamin,0.0
pilot,0.0
iraqi,0.0
restrict,0.0
problem-solv,0.0
intellect,0.0
ranch,0.0
affili,0.0
fraud,0.0
vice,0.0
smartest,0.0
louisiana,0.0
890,0.0
madam,0.0
thirti,0.0
diseas,0.0
neither,0.0
final,0.0
kilberg,0.0
infiltr,0.0
sir,0.0
horribl,0.0
kudo,0.0
repli,0.0
capitol,0.0
palac,0.0
34,0.0
tap,0.0
better,0.0
soviet,0.0
start,0.0
obtain,0.0
50,0.0
basi,0.0
facil,0.0
parti,0.0
8.,0.0
endeavor,0.0
forest,0.0
miracul,0.0
popular,0.0
nh,0.0
expedit,0.0
warmli,0.0
halfway,0.0
diversifi,0.0
forc,0.0
cure,0.0
zell,0.0
outrag,0.0
esteem,0.0
suzann,0.0
vote,0.0
undermin,0.0
brain,0.0
european,0.0
sinc,0.0
student,0.0
scofflaw,0.0
invent,0.0
match,0.0
paper,0.0
immort,0.0
illeg,0.0
argument,0.0
'em,0.0
trillion,0.0
finest,0.0
ensur,0.0
awestruck,0.0
feder,0.0
oversight,0.0
fidel,0.0
st.,0.0
spain,0.0
nebraska,0.0
sailor,0.0
u.n.,0.0
bid,0.0
misdirect,0.0
perfect,0.0
draft,0.0
tail,0.0
firehos,0.0
altern,0.0
san,0.0
glove,0.0
except,0.0
kabul,0.0
scope,0.0
bedroom,0.0
cabinet,0.0
pack,0.0
disord,0.0
embark,0.0
70,0.0
mitig,0.0
touch,0.0
inner,0.0
advis,0.0
percept,0.0
decis,0.0
sudden,0.0
segreg,0.0
kristin,0.0
bend,0.0
payment,0.0
﻿,0.0
campus,0.0
aspin,0.0
pick,0.0
thompson,0.0
4.6,0.0
display,0.0
1945,0.0
kri,0.0
lurk,0.0
perpetu,0.0
vision,0.0
result,0.0
pursu,0.0
terrif,0.0
bleed,0.0
loweri,0.0
ric,0.0
encompass,0.0
loom,0.0
rais,0.0
supposedli,0.0
endors,0.0
palat,0.0
first,0.0
ken,0.0
needless,0.0
'66,0.0
56,0.0
urg,0.0
defenc,0.0
protean,0.0
lender,0.0
55th,0.0
hampshir,0.0
run,0.0
lobbi,0.0
premium,0.0
outreach,0.0
packag,0.0
got,0.0
hutchinson,0.0
fifti,0.0
twenti,0.0
tank,0.0
chateau,0.0
oppos,0.0
rhode,0.0
greec,0.0
growth,0.0
warfar,0.0
wood,0.0
firefight,0.0
consequ,0.0
dramat,0.0
regist,0.0
cours,0.0
portman,0.0
wound,0.0
expand,0.0
martha,0.0
amaz,0.0
defict,0.0
meg,0.0
territori,0.0
dalia,0.0
29,0.0
deputi,0.0
spent,0.0
gov,0.0
quiet,0.0
wo,0.0
main,0.0
dewey,0.0
blood,0.0
maryland,0.0
teacher,0.0
fallujah,0.0
mob,0.0
abid,0.0
conduct,0.0
requir,0.0
lewi,0.0
hungri,0.0
loneli,0.0
commonwealth,0.0
err,0.0
99,0.0
california,0.0
sexi,0.0
dug,0.0
excess,0.0
democrat,0.0
applaud,0.0
owe,0.0
erni,0.0
across,0.0
brogan,0.0
drawn,0.0
1970,0.0
nixon,0.0
eddi,0.0
loudli,0.0
guidebook,0.0
17.,0.0
known,0.0
stop,0.0
chines,0.0
fan,0.0
maxim,0.0
puerto,0.0
ceremoni,0.0
moor,0.0
per,0.0
rabin,0.0
?,0.0
baffl,0.0
mayfield,0.0
tie-break,0.0
cent,0.0
namepl,0.0
arlen,0.0
self-govern,0.0
axi,0.0
essenc,0.0
steven,0.0
fear,0.0
2001,0.0
remind,0.0
foxhound,0.0
blur,0.0
extraordinari,0.0
treatment,0.0
biotechnolog,0.0
resolut,0.0
hole,0.0
kosovo,0.0
rehabilit,0.0
vibrant,0.0
purchas,0.0
flake,0.0
worn,0.0
machin,0.0
unless,0.0
unwritten,0.0
sandi,0.0
combat,0.0
landmark,0.0
cleveland,0.0
64,0.0
wok,0.0
order,0.0
york,0.0
lawyer,0.0
instantan,0.0
pensacola,0.0
worldwid,0.0
guatemala,0.0
pull,0.0
earnhardt,0.0
brotherhood,0.0
...,0.0
scranton,0.0
lawsuit,0.0
peace-keep,0.0
nomin,0.0
take-hom,0.0
buehrl,0.0
bail,0.0
express,0.0
substant,0.0
stock,0.0
behind,0.0
diplomaci,0.0
painlessli,0.0
suspect,0.0
naral,0.0
examin,0.0
wreck,0.0
murder,0.0
conting,0.0
recognit,0.0
bar,0.0
web,0.0
cogent,0.0
law-break,0.0
clariti,0.0
boustani,0.0
border,0.0
navi,0.0
grader,0.0
yay,0.0
soul,0.0
hour,0.0
perform,0.0
qaeda,0.0
agenc,0.0
renaiss,0.0
sore,0.0
beat,0.0
one-degre,0.0
told,0.0
attend,0.0
pediatr,0.0
past,0.0
compliment,0.0
ownership,0.0
arruyo,0.0
meaning,0.0
awaken,0.0
baggag,0.0
19,0.0
associ,0.0
miracl,0.0
magnat,0.0
hardship,0.0
resourc,0.0
boomer,0.0
port,0.0
texan,0.0
repress,0.0
video,0.0
anyon,0.0
poorest,0.0
burdensom,0.0
biggest,0.0
fractur,0.0
ideal,0.0
unrel,0.0
blew,0.0
55,0.0
tirelessli,0.0
calif.,0.0
brighter,0.0
jurisdict,0.0
hast,0.0
convict,0.0
ronni,0.0
two,0.0
troop,0.0
seven,0.0
worth,0.0
punish,0.0
distress,0.0
dana,0.0
strongli,0.0
fire,0.0
califano,0.0
1920,0.0
heat,0.0
instant,0.0
pitch,0.0
evildo,0.0
parent-teach,0.0
corp,0.0
weaken,0.0
tignanelli,0.0
creator,0.0
(,0.0
prais,0.0
evil,0.0
dart,0.0
10,0.0
parent,0.0
assault,0.0
dump,0.0
ms.,0.0
sound,0.0
africa,0.0
area,0.0
charact,0.0
father,0.0
line-item,0.0
digniti,0.0
stagger,0.0
technolog,0.0
iran,0.0
characterist,0.0
jesu,0.0
return,0.0
impact,0.0
middl,0.0
ron,0.0
tilman,0.0
sharp,0.0
trust,0.0
highjack,0.0
mother,0.0
virginia,0.0
£115,0.0
aspect,0.0
georg,0.0
realli,0.0
commit,0.0
bewilder,0.0
diego,0.0
infect,0.0
judith,0.0
rico,0.0
zambia,0.0
accid,0.0
boxer,0.0
spare,0.0
parliamentari,0.0
tokyo,0.0
underserv,0.0
gentlemen,0.0
bittersweet,0.0
hotel,0.0
without,0.0
secondli,0.0
hinder,0.0
ship,0.0
downsid,0.0
heavi,0.0
daniel,0.0
grandeur,0.0
justin,0.0
broaden,0.0
danegeld,0.0
1.3,0.0
profound,0.0
anita,0.0
tuskege,0.0
minyon,0.0
2004.,0.0
day,0.0
athen,0.0
000,0.0
depth,0.0
dead,0.0
missouri,0.0
pope,0.0
terribl,0.0
citi,0.0
use,0.0
j.,0.0
lee,0.0
seventi,0.0
imped,0.0
michael,0.0
nuclear,0.0
load,0.0
struck,0.0
upper-class,0.0
rush,0.0
hand,0.0
okay,0.0
auditorium,0.0
eleanor,0.0
let,0.0
1.6,0.0
surplus,0.0
previous,0.0
1956.,0.0
nonsens,0.0
1912,0.0
recess,0.0
beij,0.0
formal,0.0
defin,0.0
pharmacist,0.0
rick,0.0
later,0.0
enthusiasm,0.0
went,0.0
confer,0.0
lethal,0.0
faculti,0.0
commander-in-chief,0.0
strive,0.0
militia,0.0
71,0.0
russia,0.0
catherin,0.0
harsh,0.0
begin,0.0
northern,0.0
built-in,0.0
unriv,0.0
threaten,0.0
u.s.,0.0
2.1,0.0
four,0.0
suppli,0.0
macon,0.0
maximum,0.0
kenya,0.0
us,0.0
complac,0.0
drunken,0.0
blown,0.0
street,0.0
riversid,0.0
fast,0.0
glamor,0.0
transform,0.0
anybodi,0.0
43rd,0.0
greed,0.0
deal,0.0
tom,0.0
pocket,0.0
dwight,0.0
partial,0.0
sobrieti,0.0
laboratori,0.0
others—how,0.0
irrespons,0.0
tipper,0.0
tread,0.0
aback,0.0
1917,0.0
bentsen,0.0
citizenship,0.0
kenneth,0.0
deficit,0.0
graduat,0.0
nobl,0.0
litig,0.0
import,0.0
sparkl,0.0
1949.,0.0
feminist,0.0
laid,0.0
6,0.0
hunger,0.0
element,0.0
church,0.0
advocaci,0.0
avoid,0.0
copi,0.0
cycl,0.0
lincoln,0.0
motiv,0.0
inde,0.0
shall,0.0
corner,0.0
bush-cheney,0.0
republican,0.0
mixtur,0.0
gregg,0.0
fulfil,0.0
87,0.0
traumat,0.0
transit,0.0
brightest,0.0
liter,0.0
southern,0.0
'91,0.0
rainbow,0.0
dismantl,0.0
nomine,0.0
15,0.0
biolog,0.0
cosmic,0.0
mark,0.0
tax-deduct,0.0
feel,0.0
occur,0.0
out-of-wedlock,0.0
capita,0.0
hiv/aid,0.0
rebuild,0.0
want,0.0
garag,0.0
broadest,0.0
470,0.0
second,0.0
occas,0.0
carter,0.0
card,0.0
obviou,0.0
valu,0.0
payrol,0.0
privat,0.0
acid,0.0
undergon,0.0
jeanett,0.0
contribut,0.0
arena,0.0
essay,0.0
giver,0.0
weekend,0.0
wake,0.0
northwest,0.0
jr,0.0
nearli,0.0
littl,0.0
boston,0.0
craft,0.0
pay,0.0
either,0.0
exact,0.0
promptli,0.0
terri,0.0
overcom,0.0
faith-bas,0.0
claim,0.0
juli,0.0
jimmi,0.0
domest,0.0
next,0.0
delight,0.0
defend,0.0
mening,0.0
poison,0.0
220,0.0
portug,0.0
detoquevil,0.0
request,0.0
incalcul,0.0
tonight,0.0
bipartisan,0.0
track,0.0
mission,0.0
burst,0.0
fli,0.0
larger,0.0
pentagon,0.0
delay,0.0
agreement,0.0
matter,0.0
veteran,0.0
2003,0.0
shreveport,0.0
push,0.0
last,0.0
arsen,0.0
trend,0.0
pose,0.0
glenwood,0.0
mass,0.0
tradit,0.0
cub,0.0
revers,0.0
secretari,0.0
judgment,0.0
entri,0.0
leagu,0.0
fortune—mad,0.0
fed,0.0
jay,0.0
report,0.0
landrieu,0.0
galor,0.0
hometown,0.0
accept,0.0
1936,0.0
.5,0.0
chit-chat,0.0
affect,0.0
foley,0.0
colorado,0.0
offens,0.0
contin,0.0
river,0.0
reli,0.0
deeper,0.0
state,0.0
sheet,0.0
relationship,0.0
chain,0.0
charg,0.0
jewish,0.0
mental,0.0
humbl,0.0
still,0.0
see,0.0
attract,0.0
ban,0.0
shown,0.0
horrifi,0.0
bankrupt,0.0
canadian,0.0
fuss,0.0
:,0.0
supermarket,0.0
intens,0.0
brother-in-law,0.0
dale,0.0
expens,0.0
saddam,0.0
hear,0.0
1.2,0.0
montebello,0.0
clark,0.0
batter,0.0
criss-cross,0.0
clean,0.0
backbon,0.0
vacat,0.0
american,0.0
1976.,0.0
d.,0.0
frist,0.0
men,0.0
nanci,0.0
hazard,0.0
frail,0.0
commag,0.0
jr.,0.0
previou,0.0
revel,0.0
95,0.0
million,0.0
attorney,0.0
counti,0.0
sphere,0.0
mate,0.0
taoiseach,0.0
roger,0.0
wast,0.0
parad,0.0
hall,0.0
two-third,0.0
kingdom,0.0
sick,0.0
famil,0.0
russian,0.0
capabl,0.0
visionari,0.0
pain,0.0
iron,0.0
high-tech,0.0
darkest,0.0
david,0.0
'60,0.0
bloc,0.0
expans,0.0
maze,0.0
80,0.0
crow,0.0
conceal,0.0
scare,0.0
freedom-lov,0.0
crop,0.0
read,0.0
dictat,0.0
daytona,0.0
well-prepar,0.0
accumul,0.0
lifestyl,0.0
simpl,0.0
servic,0.0
inevit,0.0
guilti,0.0
la,0.0
stream,0.0
c-47,0.0
clinton,0.0
serious,0.0
janitor,0.0
six,0.0
idea,0.0
dollar,0.0
rid,0.0
purpos,0.0
solvent,0.0
close,0.0
kick-start,0.0
isra,0.0
true,0.0
michigan,0.0
coast,0.0
hilltop,0.0
'',0.0
support,0.0
hatr,0.0
slavemast,0.0
older,0.0
reauthor,0.0
mankind,0.0
rather,0.0
union,0.0
gi,0.0
ballot,0.0
excuse-mak,0.0
taliban,0.0
jacob,0.0
mr.,0.0
sold,0.0
enabl,0.0
temperature-sensit,0.0
thermopyla,0.0
younger,0.0
district,0.0
judg,0.0
win,0.0
mayb,0.0
howard,0.0
convent,0.0
20th,0.0
massachusett,0.0
scout,0.0
heed,0.0
barrier,0.0
milwauke,0.0
motel,0.0
five-point,0.0
latin,0.0
cruel,0.0
familiar,0.0
lake,0.0
governor,0.0
immigr,0.0
wedg,0.0
resembl,0.0
suspend,0.0
schedul,0.0
simplifi,0.0
label,0.0
demonstr,0.0
tragedi,0.0
send,0.0
450,0.0
whi,0.0
life,0.0
divid,0.0
somalia,0.0
bev,0.0
consult,0.0
dice,0.0
rosa,0.0
sell,0.0
manufactur,0.0
like-mind,0.0
unfair,0.0
remain,0.0
lock,0.0
displac,0.0
investor,0.0
congresswoman,0.0
receipt,0.0
son,0.0
c.,0.0
39.6,0.0
wealthi,0.0
battl,0.0
said,0.0
subsequ,0.0
communist,0.0
whole,0.0
gun,0.0
reduc,0.0
sit,0.0
habit,0.0
benefit,0.0
eight-,0.0
rich,0.0
bu,0.0
tabl,0.0
hoffa,0.0
retribut,0.0
kathleen,0.0
daughter,0.0
geraldin,0.0
richest,0.0
legaci,0.0
patient,0.0
83,0.0
democraci,0.0
dot,0.0
number,0.0
blast,0.0
bet,0.0
ireland,0.0
rock,0.0
cooki,0.0
3.1,0.0
1891,0.0
comfort,0.0
lower-cost,0.0
coastlin,0.0
regul,0.0
groceri,0.0
tackl,0.0
outcompet,0.0
backward,0.0
crawford,0.0
veri,0.0
hyattsvil,0.0
rob,0.0
stay,0.0
room,0.0
done,0.0
stun,0.0
put,0.0
eric,0.0
cheaper,0.0
gulf,0.0
rhetor,0.0
thing,0.0
well-hous,0.0
princip,0.0
great,0.0
weather,0.0
divers,0.0
releas,0.0
globe,0.0
robert,0.0
tune,0.0
made,0.0
diplomat,0.0
negoti,0.0
sheer,0.0
1952,0.0
okeedok,0.0
downsiz,0.0
goldwat,0.0
karzai,0.0
capac,0.0
ought,0.0
breakthrough,0.0
issu,0.0
back,0.0
gracia,0.0
symbol,0.0
speaker,0.0
cedar,0.0
d.c.,0.0
wilder,0.0
word,0.0
pour,0.0
alone.,0.0
incent,0.0
em,0.0
steve,0.0
women,0.0
energ,0.0
alumni,0.0
hike,0.0
skate,0.0
pesticid,0.0
smith,0.0
score,0.0
homili,0.0
deadlin,0.0
divin,0.0
karenna,0.0
'96,0.0
burden,0.0
onc,0.0
terrorist-link,0.0
fierc,0.0
haley,0.0
sure,0.0
earldom,0.0
mind,0.0
act,0.0
houston,0.0
within,0.0
congression,0.0
absolut,0.0
'll,0.0
salmon,0.0
integr,0.0
trampl,0.0
pursuit,0.0
pipelin,0.0
dh,0.0
ridicul,0.0
consol,0.0
tort,0.0
kindl,0.0
beauti,0.0
preced,0.0
train,0.0
investment-ori,0.0
foundat,0.0
wear,0.0
best,0.0
interact,0.0
deepen,0.0
khrushchev,0.0
viewer,0.0
pat,0.0
multilater,0.0
receiv,0.0
elderli,0.0
green,0.0
buri,0.0
slogan,0.0
luck,0.0
kilometr,0.0
chuck,0.0
devot,0.0
privi,0.0
excit,0.0
object,0.0
ramadan,0.0
discourag,0.0
31st,0.0
sweep,0.0
industri,0.0
gratifi,0.0
outcom,0.0
length,0.0
fbi,0.0
fabul,0.0
senior,0.0
shine,0.0
refus,0.0
hemispher,0.0
imper,0.0
togeth,0.0
cooper,0.0
shot,0.0
allegedli,0.0
similar,0.0
kretzmann,0.0
hard-work,0.0
south,0.0
irvin,0.0
wilson,0.0
temper,0.0
greenhous,0.0
bribe,0.0
prevail,0.0
cemeteri,0.0
medicar,0.0
render,0.0
deliber,0.0
infantri,0.0
37,0.0
dust,0.0
stress,0.0
comprehens,0.0
anthoni,0.0
birmingham,0.0
favor,0.0
mess,0.0
earli,0.0
strength,0.0
chancellor,0.0
unfriendli,0.0
inherit,0.0
unincorpor,0.0
intract,0.0
mechan,0.0
incentiv,0.0
driven,0.0
obstacl,0.0
rent,0.0
second-class,0.0
indiana,0.0
charli,0.0
haggl,0.0
2000,0.0
make,0.0
fals,0.0
550,0.0
contrari,0.0
c,0.0
immor,0.0
clap,0.0
work,0.0
spoke,0.0
join,0.0
theater,0.0
gari,0.0
fatigu,0.0
posit,0.0
level,0.0
willi,0.0
smear,0.0
migrant,0.0
lawabid,0.0
seemingli,0.0
mccaffrey,0.0
tool,0.0
cold,0.0
current,0.0
arrest,0.0
tubb,0.0
consolid,0.0
refurbish,0.0
wherev,0.0
tremend,0.0
postur,0.0
tarmac,0.0
anna,0.0
committe,0.0
makeup,0.0
davi,0.0
yokota,0.0
relax,0.0
sueno,0.0
blitz,0.0
sympath,0.0
rel,0.0
map,0.0
grandpar,0.0
revolution,0.0
minimum,0.0
screen,0.0
burn,0.0
wall,0.0
confess,0.0
maker,0.0
hassl,0.0
specif,0.0
wmd,0.0
island,0.0
decent,0.0
endang,0.0
templ,0.0
infrastructur,0.0
debt,0.0
toward,0.0
plate,0.0
sharpton,0.0
rout,0.0
roughli,0.0
plane,0.0
presidenti,0.0
hundr,0.0
opportun,0.0
matt,0.0
lilac,0.0
landown,0.0
defens,0.0
turkey,0.0
follow,0.0
deter,0.0
portion,0.0
tender,0.0
candid,0.0
sens,0.0
gardin,0.0
coldblood,0.0
focus,0.0
listen,0.0
vest,0.0
imag,0.0
predecessor,0.0
politician,0.0
teach,0.0
weigh,0.0
thesi,0.0
81,0.0
singl,0.0
floyd,0.0
limit,0.0
deliv,0.0
menu,0.0
beaten,0.0
turf,0.0
matsu,0.0
like,0.0
memori,0.0
connect,0.0
farm,0.0
mike,0.0
deploy,0.0
solomont,0.0
hogan,0.0
401,0.0
prime,0.0
suit,0.0
warm,0.0
castro,0.0
tape,0.0
wore,0.0
photo,0.0
brought,0.0
nobodi,0.0
bit,0.0
suppress,0.0
statehous,0.0
britain,0.0
grate,0.0
nigeria,0.0
india,0.0
flew,0.0
late,0.0
logic,0.0
bobbi,0.0
shoot,0.0
infecti,0.0
560,0.0
understand,0.0
ten,0.0
buy,0.0
willing,0.0
cave,0.0
behav,0.0
reaffirm,0.0
youth,0.0
powel,0.0
vakoc,0.0
whiskey,0.0
explain,0.0
scorn,0.0
may,0.0
declar,0.0
lesson,0.0
rebel,0.0
directli,0.0
villag,0.0
vari,0.0
ir,0.0
introduct,0.0
succeed,0.0
love,0.0
kain,0.0
eleg,0.0
calcul,0.0
telephon,0.0
courag,0.0
surround,0.0
deepest,0.0
discord,0.0
repres,0.0
death,0.0
chanc,0.0
click,0.0
meier,0.0
garden,0.0
reelect,0.0
ya,0.0
percentag,0.0
disintegr,0.0
bangalor,0.0
enlist,0.0
primaci,0.0
permiss,0.0
contest,0.0
£24,0.0
genuin,0.0
bereav,0.0
choos,0.0
spectat,0.0
bluff,0.0
gold,0.0
physic,0.0
disabl,0.0
threat,0.0
tyson,0.0
deduct,0.0
forti,0.0
punch,0.0
inform,0.0
sasha,0.0
grandfath,0.0
sixti,0.0
war,0.0
monument,0.0
repeatedli,0.0
outstand,0.0
drive-bi,0.0
phenomen,0.0
name,0.0
poke,0.0
negro,0.0
marvel,0.0
brand,0.0
2.7,0.0
full-tim,0.0
single-pay,0.0
no.,0.0
unido,0.0
lift,0.0
hire,0.0
greater,0.0
angel,0.0
75,0.0
torn,0.0
keep,0.0
well-train,0.0
hopeless,0.0
selfless,0.0
foot,0.0
soccer,0.0
windham,0.0
exactli,0.0
option,0.0
insecur,0.0
1954,0.0
yuval,0.0
right-w,0.0
flexibl,0.0
nexu,0.0
famou,0.0
sonia,0.0
californian,0.0
aim,0.0
largest,0.0
salut,0.0
peac,0.0
serv,0.0
demand,0.0
barack,0.0
gain,0.0
unchang,0.0
shalikashvili,0.0
arn,0.0
tree,0.0
mississippi,0.0
scheme,0.0
jeopard,0.0
che,0.0
transfer,0.0
beverli,0.0
hero,0.0
preacher,0.0
bind,0.0
alli,0.0
noos,0.0
juan,0.0
fascist,0.0
purpl,0.0
miner,0.0
quest,0.0
proclaim,0.0
test,0.0
bernic,0.0
taken,0.0
star,0.0
falter,0.0
wonder,0.0
imposs,0.0
illicit,0.0
hamlin,0.0
submit,0.0
ii,0.0
glad,0.0
statement,0.0
irrelev,0.0
storm,0.0
orchestra,0.0
phone,0.0
rever,0.0
parol,0.0
bibl,0.0
root,0.0
delta,0.0
submiss,0.0
sunbeam,0.0
go-ahead,0.0
weakest,0.0
wed,0.0
list,0.0
exhaust,0.0
immun,0.0
nelli,0.0
standard,0.0
miss,0.0
jeb,0.0
unfurl,0.0
uncertainti,0.0
weapon,0.0
mid-1960,0.0
allud,0.0
often,0.0
revolut,0.0
spread,0.0
possess,0.0
musician,0.0
vast,0.0
disast,0.0
crowd,0.0
workplac,0.0
kowtow,0.0
stick,0.0
vietnames,0.0
caribbean,0.0
reagan,0.0
humor,0.0
idl,0.0
harlem,0.0
troubl,0.0
alan,0.0
tie,0.0
path,0.0
repay,0.0
charter,0.0
broke,0.0
anymor,0.0
norton,0.0
speech,0.0
1980.,0.0
ordinari,0.0
damag,0.0
vulner,0.0
theresa,0.0
ike,0.0
homegrown,0.0
robb,0.0
offici,0.0
backbench,0.0
harbor,0.0
biden,0.0
foolish,0.0
huge,0.0
handgun,0.0
gator,0.0
atla,0.0
minim,0.0
kill,0.0
supercomput,0.0
leader,0.0
invest,0.0
fighter,0.0
bearer,0.0
walk,0.0
addit,0.0
mightili,0.0
appoint,0.0
grassley,0.0
chase,0.0
'let,0.0
earlen,0.0
animos,0.0
backpack,0.0
crumbl,0.0
met,0.0
becam,0.0
expo,0.0
fauna,0.0
relentless,0.0
lesser,0.0
sheila,0.0
expect,0.0
-,0.0
household,0.0
birdsey,0.0
harkin,0.0
upsurg,0.0
coalit,0.0
speci,0.0
diarrhea,0.0
entitl,0.0
para,0.0
junk,0.0
save,0.0
inflict,0.0
unhappi,0.0
—freedom,0.0
wyatt,0.0
mylen,0.0
document,0.0
razor,0.0
canada,0.0
baltimor,0.0
hydro-pow,0.0
free,0.0
fine,0.0
kentucki,0.0
type,0.0
tb,0.0
”,0.0
middlemen,0.0
forgot,0.0
hussein,0.0
boss,0.0
yitzhak,0.0
compound,0.0
surpris,0.0
pro-environ,0.0
indian,0.0
come,0.0
injuri,0.0
boundari,0.0
pariti,0.0
500,0.0
milit,0.0
mutual,0.0
fill,0.0
judaic-christian,0.0
101.,0.0
medgar,0.0
descend,0.0
dealt,0.0
nation,0.0
career,0.0
joint,0.0
unwil,0.0
effici,0.0
forward,0.0
accus,0.0
coven,0.0
objection,0.0
seri,0.0
eisenhow,0.0
trick,0.0
concept,0.0
chapman,0.0
morocco,0.0
duli,0.0
varieti,0.0
inton,0.0
nutriti,0.0
mention,0.0
underli,0.0
model,0.0
rank,0.0
arkansa,0.0
temporari,0.0
court,0.0
fuji,0.0
gore,0.0
compass,0.0
pledg,0.0
porter,0.0
vet,0.0
visual,0.0
crisi,0.0
tone,0.0
boundless,0.0
internship,0.0
somebodi,0.0
provis,0.0
discoveri,0.0
28,0.0
bitti,0.0
car,0.0
cornerston,0.0
junctur,0.0
long-term,0.0
thi,0.0
sharpli,0.0
toast,0.0
intercept,0.0
fashion,0.0
kilmer,0.0
acquir,0.0
appreci,0.0
seek,0.0
78,0.0
33,0.0
prescript,0.0
millennium,0.0
throughout,0.0
rockford,0.0
adversari,0.0
emerg,0.0
richard,0.0
schooler,0.0
exampl,0.0
va,0.0
begun,0.0
electr,0.0
ideolog,0.0
sophist,0.0
inconveni,0.0
park,0.0
campaign,0.0
homeland,0.0
chang,0.0
player,0.0
flag,0.0
morn,0.0
believ,0.0
offer,0.0
citizen,0.0
conqueror,0.0
senat,0.0
bipartisanship,0.0
foci,0.0
restructur,0.0
princeton,0.0
heartland,0.0
statut,0.0
anniversari,0.0
marriag,0.0
defenseless,0.0
youngster,0.0
moat,0.0
canyon,0.0
allianc,0.0
honey,0.0
macarena,0.0
hoover,0.0
imperialist,0.0
martin,0.0
1985,0.0
sali,0.0
unlv,0.0
1977.,0.0
nervou,0.0
zimmer,0.0
includ,0.0
temptat,0.0
public-priv,0.0
vacuum,0.0
three,0.0
reenlist,0.0
lehman,0.0
regard,0.0
gut,0.0
counter,0.0
sovereign,0.0
harri,0.0
populist,0.0
avail,0.0
protector,0.0
fratern,0.0
estrada,0.0
job,0.0
remotest,0.0
dungi,0.0
crimin,0.0
care,0.0
recipi,0.0
long,0.0
korean,0.0
inexor,0.0
callaghan,0.0
haitian,0.0
addict,0.0
harass,0.0
foreclosur,0.0
straw,0.0
exhibit,0.0
fix,0.0
railroad,0.0
tornado,0.0
relent,0.0
vital,0.0
illus,0.0
solut,0.0
me—junior,0.0
art,0.0
inact,0.0
abandon,0.0
commemor,0.0
implement,0.0
cycler,0.0
prestig,0.0
commerc,0.0
poland,0.0
havana,0.0
paig,0.0
emphasi,0.0
300,0.0
85,0.0
competitor,0.0
replac,0.0
propens,0.0
invit,0.0
fiscal,0.0
smoke,0.0
pregnanc,0.0
minist,0.0
board,0.0
music,0.0
flood,0.0
world,0.0
decenc,0.0
knox,0.0
balanc,0.0
exercis,0.0
move,0.0
relat,0.0
—and,0.0
angri,0.0
poor,0.0
tv,0.0
stood,0.0
find,0.0
substandard,0.0
revit,0.0
diagnos,0.0
pro-busi,0.0
legitim,0.0
-–,0.0
contempt,0.0
cultur,0.0
sexual,0.0
one,0.0
old,0.0
answer,0.0
fanat,0.0
3,0.0
half-empti,0.0
energet,0.0
husband,0.0
roster,0.0
30,0.0
healthi,0.0
17,0.0
count,0.0
consid,0.0
drift,0.0
safeguard,0.0
ran,0.0
overnight,0.0
circl,0.0
jodi,0.0
lumbago,0.0
new,0.0
montfort,0.0
isaiah,0.0
process,0.0
slash,0.0
gibbon,0.0
hears,0.0
hassan,0.0
homemak,0.0
open,0.0
high-fat,0.0
barbara,0.0
uphold,0.0
view,0.0
denomin,0.0
unusu,0.0
tend,0.0
asset-bas,0.0
start-up,0.0
eighti,0.0
gilmor,0.0
reverend,0.0
‘,0.0
region,0.0
internet,0.0
peter,0.0
sponsorship,0.0
civilian,0.0
benham,0.0
breed,0.0
quarter,0.0
proposit,0.0
america,0.0
call,0.0
mayor,0.0
killer,0.0
maria,0.0
basic,0.0
bean,0.0
christin,0.0
wrong,0.0
rau,0.0
tire,0.0
splendour,0.0
subvers,0.0
equip,0.0
man,0.0
aid,0.0
kuwait,0.0
seat-belt,0.0
basin,0.0
reach,0.0
member,0.0
drought,0.0
jamaica,0.0
risk,0.0
brunt,0.0
contact,0.0
graham,0.0
stadium,0.0
conrad,0.0
extravag,0.0
stimul,0.0
bloodi,0.0
tell,0.0
fail,0.0
junior,0.0
afl-cio,0.0
24,0.0
guard,0.0
sort,0.0
yourselv,0.0
secur,0.0
bondag,0.0
fred,0.0
rabbi,0.0
dialogu,0.0
direct,0.0
anywher,0.0
account,0.0
prosecut,0.0
beyond,0.0
meetings—do,0.0
wembley,0.0
undertak,0.0
alaskan,0.0
write,0.0
although,0.0
came,0.0
justic,0.0
up-or-down,0.0
mill,0.0
watersh,0.0
nowher,0.0
kite,0.0
staunch,0.0
rediscov,0.0
attempt,0.0
liberal/conservative-right/left-business/labor-environment/,0.0
judiciari,0.0
toler,0.0
registri,0.0
destruct,0.0
'd,0.0
safeti,0.0
cd,0.0
230,0.0
classroom,0.0
bring,0.0
sustain,0.0
n't,0.0
environ,0.0
exemplifi,0.0
tribut,0.0
carri,0.0
acclaim,0.0
48,0.0
februari,0.0
episod,0.0
bomb,0.0
acheson,0.0
ate,0.0
amend,0.0
laugh,0.0
envelop,0.0
urban,0.0
instinct,0.0
dooley,0.0
admitted—at,0.0
site,0.0
ryan,0.0
diet,0.0
program,0.0
devis,0.0
montana,0.0
tax-and-spend,0.0
alamo,0.0
europ,0.0
bay,0.0
arbit,0.0
premier,0.0
truman,0.0
champion,0.0
post-traumat,0.0
propaganda,0.0
madison,0.0
diminut,0.0
tommi,0.0
rang,0.0
7,0.0
appeal,0.0
suicid,0.0
wa,0.0
ingrain,0.0
ring,0.0
hypertens,0.0
drug,0.0
handi,0.0
israel,0.0
robin,0.0
await,0.0
record,0.0
plight,0.0
worker,0.0
1/2,0.0
advers,0.0
dame,0.0
bleak,0.0
banquet,0.0
imbed,0.0
stabil,0.0
meant,0.0
legal,0.0
eighth,0.0
doom,0.0
woodrow,0.0
januari,0.0
dream,0.0
novemb,0.0
thoma,0.0
rescu,0.0
mcknight,0.0
cutter,0.0
shop,0.0
earn,0.0
armi,0.0
21,0.0
bold,0.0
shut,0.0
access,0.0
hope,0.0
marcela,0.0
unalien,0.0
bunker,0.0
11,0.0
twice,0.0
boat,0.0
perman,0.0
latest,0.0
–-,0.0
arizona,0.0
liberti,0.0
kid,0.0
safer,0.0
nau,0.0
poet,0.0
mammogram,0.0
sinner,0.0
olymp,0.0
die,0.0
quemoy,0.0
mediocr,0.0
quickli,0.0
gordon,0.0
grave,0.0
professor,0.0
forefath,0.0
machineri,0.0
swainson,0.0
buoyant,0.0
shovel,0.0
marri,0.0
chri,0.0
mobil,0.0
1.5,0.0
emigr,0.0
afraid,0.0
iii,0.0
product,0.0
summon,0.0
tocquevil,0.0
kay,0.0
2000.,0.0
sox,0.0
worthi,0.0
shock,0.0
baghdad,0.0
themselv,0.0
predict,0.0
eyeglass,0.0
hillari,0.0
resolv,0.0
sotomayor,0.0
lieberman,0.0
fenway,0.0
letsmove.gov,0.0
chelsea,0.0
bradi,0.0
consum,0.0
winner,0.0
marxist-leninist,0.0
noth,0.0
appear,0.0
unborn,0.0
ahead,0.0
histor,0.0
bolster,0.0
reorgan,0.0
nest,0.0
egg,0.0
adapt,0.0
interest,0.0
amount,0.0
gioia,0.0
championship,0.0
establish,0.0
exemplari,0.0
todo,0.0
consequenti,0.0
exchang,0.0
global,0.0
bake,0.0
lt.,0.0
slow,0.0
advic,0.0
self-employ,0.0
edific,0.0
compromis,0.0
loui,0.0
longtim,0.0
retir,0.0
adher,0.0
given,0.0
matern,0.0
smaller,0.0
even-steven,0.0
goodel,0.0
william,0.0
three-quart,0.0
jordan,0.0
suffer,0.0
defeat,0.0
media,0.0
rumsfeld,0.0
afterward,0.0
hispan,0.0
despit,0.0
comer,0.0
page,0.0
cleo,0.0
gear,0.0
substitut,0.0
prolifer,0.0
carpent,0.0
daili,0.0
intent,0.0
host,0.0
reveal,0.0
--,0.0
never,0.0
troublesom,0.0
cal,0.0
sink,0.0
security-plu,0.0
refrain,0.0
appeas,0.0
produc,0.0
footag,0.0
convers,0.0
get,0.0
tobacco,0.0
firmli,0.0
spous,0.0
ten-year-old,0.0
bass,0.0
palestin,0.0
at-risk,0.0
sam,0.0
tennesse,0.0
joseph,0.0
do-noth,0.0
uncl,0.0
workforc,0.0
telecommun,0.0
agenda,0.0
cri,0.0
sat,0.0
gleam,0.0
firm,0.0
conclus,0.0
strong,0.0
vow,0.0
pie,0.0
choke,0.0
well-intent,0.0
13,0.0
bottom,0.0
mortgag,0.0
practic,0.0
voic,0.0
blame,0.0
divert,0.0
polic,0.0
iranian,0.0
glass,0.0
heschel,0.0
racial,0.0
problem,0.0
grand,0.0
saturday,0.0
along,0.0
preserv,0.0
leak,0.0
larg,0.0
newest,0.0
explan,0.0
perri,0.0
major,0.0
tough,0.0
korea,0.0
feldbaum,0.0
catch,0.0
month,0.0
bond,0.0
dicken,0.0
live,0.0
hud,0.0
can-do,0.0
pictur,0.0
badli,0.0
clearli,0.0
mountain,0.0
unlik,0.0
accra,0.0
mclaughlin,0.0
proceed,0.0
reward,0.0
bundestag,0.0
clutch,0.0
herseth,0.0
oper,0.0
winston,0.0
bud,0.0
despair,0.0
echavest,0.0
ani,0.0
afghanistan,0.0
relief,0.0
covert,0.0
bank,0.0
correct,0.0
assassin,0.0
creat,0.0
luncheon,0.0
1900.,0.0
websit,0.0
11th,0.0
domain,0.0
john,0.0
margin,0.0
opposit,0.0
labour,0.0
incongru,0.0
1932,0.0
widow,0.0
trailer,0.0
paid,0.0
text,0.0
everyth,0.0
criteria,0.0
hand-pick,0.0
cathedr,0.0
forget,0.0
debat,0.0
freest,0.0
cloth,0.0
design,0.0
financi,0.0
inflat,0.0
farri,0.0
religi,0.0
centrowitz,0.0
due,0.0
epa,0.0
