three-tim,8858.84369145181
tavi,4660.850891782476
yucca,3162.3088446839643
berni,192.43873534700114
graham,82.57553520634426
rumsfeld,77.99201630633591
pro-lif,67.78013783229818
ron,48.18764801388796
(,0.030652058513773693
),0.029609342553205527
resolut,0.019931257151970694
deplor,0.01752643112669556
.,0.012224943102337
strict,0.007574198465686666
peac,0.0052302427843747765
thirdli,0.005138893079043608
acceler,0.004754595431006339
disastr,0.003968570827285812
arm,0.003751463602424228
proof,0.0035880815188212207
examin,0.0032695164960260827
due,0.003209176389873309
western,0.003139732910810372
obviou,0.0027348910314959236
puerto,0.002614102744848493
el,0.0024833010825617116
limit,0.0022086942556468234
commun,0.001974198318888061
specul,0.0018591050044895984
toler,0.0018442935796405228
europ,0.001783275504434444
committe,0.001774997794585
maxim,0.0017687097945584354
core,0.0017371769083871266
union,0.0016597605344930155
improv,0.0015986884282740423
advoc,0.00155596622661394
explor,0.001417447107130198
shame,0.001392647366116565
sector,0.0013336637305475015
-,0.0012708242458813093
outrag,0.001249897783795378
fail,0.0012237872156493825
strategi,0.0011934404367068424
reform,0.0011154178805419636
spirit,0.0011086744704559654
tradit,0.0010477259246066163
dissid,0.0010435128130486225
growth,0.0010201052340449305
muslim,0.0009310576272262664
small,0.0009258992862331686
fiorina,0.0008920606512043935
megyn,0.0008920606512043935
place,0.0008875614641375253
hall,0.0008845006862326722
reason,0.0008312091228841874
would,0.0007813569191406732
treatment,0.0007764310009742562
endless,0.0007666540790675502
elect,0.0007037648150783421
camp,0.0007028647160431183
offend,0.0007001751848730311
?,0.0006886912920194161
amount,0.0006751197782818997
ray,0.0006321743518570023
12,0.0005733792028218019
investor,0.000538956698787013
1,0.0005340934830549291
expand,0.0005190973240612694
passag,0.0005034890872237366
three,0.000497851807689806
build,0.0004898483859520141
well,0.0004667002996332913
regulatori,0.00043779085180338734
audit,0.0004174544356841523
fortun,0.0004127305151900194
mountain,0.0003959406238977139
fault,0.0003930247902009955
thirti,0.000377277083177485
command,0.0003624684591025046
fill,0.00034236983103410305
club,0.00034050977300008334
stamp,0.00033303844479019954
curiou,0.00032787092927289303
hedg,0.0003238578342807745
treat,0.0003210080975852076
disclos,0.000307129353156555
fiscal,0.00027299345902999817
recess,0.00026808360710923643
look,0.0002588310021406564
truth,0.00023972273081543876
averag,0.00018335427490024896
board,0.0001623492248865211
driver,0.0001614115131538579
catch,0.0001530074623993416
speech,0.0001515138512815321
stupid,0.00014325595464982418
mrs.,0.0001372466610836941
proud,0.00012877497297861164
journal,0.00012554333561919426
rove,0.00012499268998377087
said,0.00011808462597932946
loan,0.00011161930100642584
excit,9.299982989620778e-05
1st,7.114101341805045e-05
someon,5.979800600128651e-05
ran,2.1873266207973568e-05
billionair,2.0889379315079413e-05
retir,1.9478717817101937e-05
tax,1.550949031952477e-05
hispan,1.4489095247966598e-05
jone,6.294619150936801e-06
north,0.0
web,0.0
oval,0.0
slightest,0.0
defi,0.0
abdullah,0.0
foolishli,0.0
alien,0.0
rebutt,0.0
mighti,0.0
middle-ag,0.0
bust,0.0
22-year-,0.0
pain,0.0
guess,0.0
currenc,0.0
tie,0.0
energy-,0.0
nervou,0.0
sacrif,0.0
401,0.0
iraq,0.0
feedback,0.0
physic,0.0
mccain,0.0
outdat,0.0
quell,0.0
involuntari,0.0
98.5,0.0
safe,0.0
huntsman,0.0
releas,0.0
nomine,0.0
hypothet,0.0
task,0.0
decad,0.0
violent,0.0
thrive,0.0
islam,0.0
true,0.0
co-moder,0.0
statehood,0.0
ridicul,0.0
find,0.0
crowd,0.0
group,0.0
cherish,0.0
subsidi,0.0
missil,0.0
remark,0.0
memori,0.0
grenada,0.0
simpl,0.0
tuition,0.0
bullet,0.0
scienc,0.0
differ,0.0
although,0.0
wage,0.0
direct,0.0
bridg,0.0
'll,0.0
critic,0.0
suitcas,0.0
one-lin,0.0
refund,0.0
constru,0.0
hatch,0.0
drum,0.0
meantim,0.0
no-man's-land,0.0
ought,0.0
15,0.0
evid,0.0
ask,0.0
mischief,0.0
politician,0.0
thi,0.0
bonu,0.0
glanc,0.0
depth,0.0
revit,0.0
perpetu,0.0
nebraska,0.0
damag,0.0
pretend,0.0
health-car,0.0
prognost,0.0
file,0.0
asian,0.0
utterli,0.0
na,0.0
devast,0.0
terrifi,0.0
1873.,0.0
sunni,0.0
elig,0.0
sensor,0.0
graciou,0.0
entrepreneurship,0.0
legitim,0.0
consist,0.0
milleni,0.0
hostil,0.0
teach,0.0
hard,0.0
pakistan,0.0
;,0.0
doctrin,0.0
ethnic,0.0
id,0.0
carolina,0.0
era,0.0
ten,0.0
substanti,0.0
acknowledg,0.0
surgic,0.0
nickel,0.0
monkey,0.0
break,0.0
oblig,0.0
sport,0.0
stori,0.0
dramat,0.0
73,0.0
secondli,0.0
troop,0.0
throughout,0.0
abolish,0.0
desper,0.0
'80,0.0
includ,0.0
200,0.0
chariti,0.0
lo,0.0
mile,0.0
attorney,0.0
perhap,0.0
bureaucraci,0.0
tragic,0.0
carli,0.0
util,0.0
privat,0.0
diesel,0.0
convent,0.0
perri,0.0
barrier,0.0
horizon,0.0
window,0.0
benefici,0.0
valid,0.0
4,0.0
livestock,0.0
formal,0.0
market,0.0
largest,0.0
23,0.0
instabl,0.0
grandfath,0.0
money,0.0
vote,0.0
read,0.0
downsiz,0.0
deepen,0.0
applaus,0.0
bigot,0.0
repeal,0.0
statement,0.0
statu,0.0
jim,0.0
impedi,0.0
tpp,0.0
wto,0.0
bipartisan,0.0
caucus,0.0
regret,0.0
radio,0.0
digniti,0.0
balloon,0.0
jane,0.0
tear,0.0
run,0.0
neither,0.0
unto,0.0
depriv,0.0
transfer,0.0
throw,0.0
surround,0.0
cancel,0.0
forgiv,0.0
urgenc,0.0
endang,0.0
access,0.0
plant,0.0
voter,0.0
facil,0.0
wire,0.0
incompet,0.0
exist,0.0
affect,0.0
stalin,0.0
disclosur,0.0
higher,0.0
five-day,0.0
mac,0.0
aviv,0.0
certainli,0.0
month,0.0
victimless,0.0
prime,0.0
slip,0.0
—4,0.0
huckabe,0.0
discrimin,0.0
oversight,0.0
spot,0.0
854,0.0
10,0.0
shred,0.0
alway,0.0
berniesanders.com,0.0
rnc,0.0
daughter,0.0
withdrawn,0.0
mr.,0.0
lull,0.0
ski,0.0
face,0.0
disagre,0.0
center,0.0
permit,0.0
poison,0.0
nasdaq,0.0
vermont,0.0
promis,0.0
94,0.0
disenfranchis,0.0
72,0.0
unit,0.0
unborn,0.0
offer,0.0
16.,0.0
distanc,0.0
final,0.0
13th-largest,0.0
fox,0.0
hold,0.0
econom,0.0
diplomaci,0.0
alon,0.0
hurt,0.0
polit,0.0
told,0.0
reagan,0.0
guard,0.0
taken,0.0
000,0.0
door,0.0
atlant,0.0
framework,0.0
equip,0.0
whine,0.0
soon,0.0
octob,0.0
elian,0.0
incarcer,0.0
listen,0.0
event,0.0
websit,0.0
nixon,0.0
met,0.0
michaelson,0.0
senior,0.0
7,0.0
vice,0.0
piec,0.0
dumb,0.0
far,0.0
skill,0.0
everybodi,0.0
weakl,0.0
famili,0.0
one-twelfth,0.0
somebodi,0.0
brought,0.0
reestablish,0.0
nato,0.0
financi,0.0
see,0.0
turn,0.0
robert,0.0
halt,0.0
kind,0.0
su,0.0
briefli,0.0
5,0.0
thwart,0.0
incoher,0.0
program,0.0
color,0.0
hezbollah,0.0
parent,0.0
rick,0.0
victori,0.0
sponsor,0.0
rudi,0.0
feder,0.0
found,0.0
mess,0.0
complex,0.0
murder,0.0
overnight,0.0
bear,0.0
ohio,0.0
intellig,0.0
protocol,0.0
chart,0.0
opt,0.0
day,0.0
region,0.0
proven,0.0
georg,0.0
long,0.0
legaci,0.0
000.,0.0
greenberg,0.0
q,0.0
lucil,0.0
like,0.0
milliron,0.0
hater,0.0
expens,0.0
action,0.0
overextend,0.0
upstat,0.0
shown,0.0
block,0.0
full,0.0
convict,0.0
emerg,0.0
1953.,0.0
rubio,0.0
price,0.0
incent,0.0
legisl,0.0
constitut,0.0
proceed,0.0
merit-,0.0
charact,0.0
flip-flop,0.0
us,0.0
harriman,0.0
uniti,0.0
por,0.0
sensibl,0.0
author,0.0
offens,0.0
environment,0.0
congress,0.0
regard,0.0
studi,0.0
presidenti,0.0
done,0.0
free-market,0.0
grate,0.0
expos,0.0
stink,0.0
daili,0.0
move,0.0
100-a-barrel,0.0
otherwis,0.0
pledg,0.0
stage,0.0
yet,0.0
princ,0.0
destruct,0.0
product,0.0
strong,0.0
onc,0.0
whomev,0.0
least,0.0
penetr,0.0
simpler,0.0
arriv,0.0
divid,0.0
mud,0.0
cooper,0.0
win,0.0
john,0.0
precis,0.0
deserv,0.0
stuck,0.0
honest,0.0
judg,0.0
invok,0.0
cynic,0.0
epitom,0.0
hampshir,0.0
benefit,0.0
cruz,0.0
dana,0.0
apart,0.0
paint,0.0
contain,0.0
subsid,0.0
longer,0.0
khamenei,0.0
',0.0
wrap,0.0
format,0.0
sit,0.0
perspect,0.0
piti,0.0
eichmann,0.0
accustom,0.0
earmark,0.0
colombia,0.0
south,0.0
timor,0.0
select,0.0
'40,0.0
choke,0.0
cartel,0.0
abort,0.0
pro-israel,0.0
destini,0.0
decid,0.0
prison,0.0
2008,0.0
dump,0.0
peru,0.0
inform,0.0
dozen,0.0
u.,0.0
1973-75,0.0
latin,0.0
next,0.0
demand,0.0
gall,0.0
backfir,0.0
old,0.0
quick,0.0
frequent,0.0
'm,0.0
anchor,0.0
numer,0.0
laid-off,0.0
four-year,0.0
it—,0.0
1968,0.0
throughput,0.0
censor,0.0
.50,0.0
garment,0.0
earth,0.0
terror,0.0
urgent,0.0
2010,0.0
within,0.0
fabric,0.0
ember,0.0
advic,0.0
disturb,0.0
occasion,0.0
u.s.,0.0
donor,0.0
african-american-own,0.0
real-tim,0.0
particularli,0.0
crisi,0.0
particular,0.0
seek,0.0
climb,0.0
'ought,0.0
inappropri,0.0
exempt,0.0
shock,0.0
17,0.0
flint,0.0
fact,0.0
texa,0.0
mobil,0.0
term,0.0
defens,0.0
1930,0.0
miss,0.0
familiar,0.0
power,0.0
barn,0.0
cast,0.0
tenth,0.0
anoth,0.0
moammar,0.0
enough,0.0
tavern,0.0
crush,0.0
scapegoat,0.0
apprehend,0.0
natur,0.0
support,0.0
lost,0.0
caution,0.0
minimum,0.0
advantag,0.0
auto,0.0
ladder,0.0
essenti,0.0
straight,0.0
brian,0.0
iv,0.0
shah,0.0
world,0.0
11th,0.0
freer,0.0
avail,0.0
mansfield,0.0
fulfil,0.0
explain,0.0
democrat,0.0
obvious,0.0
fourth,0.0
extravag,0.0
four,0.0
indict,0.0
pakistan-afghanistan,0.0
discriminatori,0.0
grade,0.0
primari,0.0
cup,0.0
combin,0.0
lugar,0.0
260,0.0
noriega,0.0
nomin,0.0
patern,0.0
remain,0.0
went,0.0
raul,0.0
forc,0.0
negoti,0.0
bring,0.0
businesspeopl,0.0
dupe,0.0
drought,0.0
margin,0.0
occupi,0.0
area,0.0
clearli,0.0
aliv,0.0
stolen,0.0
merci,0.0
hagu,0.0
prescript,0.0
magic,0.0
plot,0.0
circuit,0.0
preemptiv,0.0
size,0.0
india,0.0
gave,0.0
die,0.0
tonight,0.0
wave,0.0
bankrupt,0.0
dian,0.0
drug,0.0
iowa,0.0
confus,0.0
becom,0.0
tucker,0.0
nation,0.0
mitt,0.0
bomb,0.0
pb,0.0
...,0.0
receiv,0.0
ye,0.0
bat,0.0
focu,0.0
suppress,0.0
jerusalem,0.0
bought,0.0
goal,0.0
first,0.0
pander,0.0
endeavor,0.0
lewi,0.0
oneonta,0.0
h-1b,0.0
sold,0.0
iowan,0.0
phoni,0.0
economi,0.0
litmu,0.0
left,0.0
brew,0.0
olymp,0.0
dirti,0.0
'01,0.0
effort,0.0
disappoint,0.0
norma-jean,0.0
type,0.0
pediatr,0.0
wrong,0.0
drive,0.0
tomorrow,0.0
truli,0.0
civilian,0.0
moon,0.0
sick,0.0
enorm,0.0
failur,0.0
diffid,0.0
wake,0.0
sovereignti,0.0
contribut,0.0
game,0.0
wear,0.0
often,0.0
object,0.0
interchang,0.0
crackdown,0.0
denunci,0.0
bother,0.0
pretti,0.0
bunch,0.0
african-american,0.0
saddam,0.0
lower,0.0
regist,0.0
describ,0.0
bush,0.0
equal,0.0
spend,0.0
sleep,0.0
detent,0.0
browni,0.0
grandmoth,0.0
suburban,0.0
--,0.0
though,0.0
sosa,0.0
refuge,0.0
notion,0.0
togeth,0.0
free,0.0
hello,0.0
wife,0.0
consid,0.0
rescu,0.0
mission,0.0
award,0.0
embrac,0.0
1998.,0.0
loomi,0.0
abridg,0.0
pro-abort,0.0
favorit,0.0
fighter,0.0
capit,0.0
abcnews.com,0.0
peopl,0.0
takeov,0.0
plane,0.0
nevada,0.0
rape,0.0
loss,0.0
wilson,0.0
model,0.0
400,0.0
held,0.0
'50,0.0
newt/romney,0.0
congresswoman,0.0
wisconsin,0.0
rev-enue—that,0.0
televis,0.0
martinomalley.com,0.0
occas,0.0
ivanka,0.0
10-percent,0.0
closest,0.0
histor,0.0
refineri,0.0
chavez,0.0
publish,0.0
insurrect,0.0
desegreg,0.0
28,0.0
ban,0.0
might,0.0
laurent,0.0
blunt,0.0
resent,0.0
bin,0.0
ignor,0.0
remedi,0.0
satisfi,0.0
deriv,0.0
brave,0.0
rhetor,0.0
stimulu,0.0
ultim,0.0
environment/kyoto,0.0
policyhold,0.0
vagu,0.0
2007,0.0
suggest,0.0
termin,0.0
short-run,0.0
alik,0.0
down-the-lin,0.0
house-busi,0.0
arrest,0.0
deviat,0.0
mari,0.0
ok,0.0
narr,0.0
coalit,0.0
cornerston,0.0
care,0.0
shoot-down,0.0
eventu,0.0
reinvent,0.0
america,0.0
santorum,0.0
cuban,0.0
gentlemen,0.0
drink,0.0
decemb,0.0
bibl,0.0
overrun,0.0
payer,0.0
sexual,0.0
good,0.0
half,0.0
saudi,0.0
overthrown,0.0
haiti,0.0
discuss,0.0
fight,0.0
know,0.0
walk,0.0
lowest,0.0
exemplifi,0.0
net,0.0
threaten,0.0
serial,0.0
capabl,0.0
cours,0.0
pete,0.0
de-link,0.0
orlean,0.0
bit,0.0
charl,0.0
low-incom,0.0
repres,0.0
vision,0.0
mind,0.0
venezuela,0.0
justif,0.0
innoc,0.0
suspect,0.0
0.1,0.0
spent,0.0
longest,0.0
compens,0.0
terrorist,0.0
80,0.0
experi,0.0
inequ,0.0
fit,0.0
mike,0.0
criteria,0.0
renegoti,0.0
lifestyl,0.0
marco,0.0
beyond,0.0
sentenc,0.0
tremend,0.0
heavi,0.0
border,0.0
professor,0.0
'caus,0.0
envi,0.0
district,0.0
bond,0.0
laden,0.0
skin,0.0
1981,0.0
theater,0.0
assault,0.0
regul,0.0
uniqu,0.0
yesterday—or,0.0
speed,0.0
came,0.0
ta,0.0
associ,0.0
personnel,0.0
spread,0.0
translat,0.0
mate,0.0
pray,0.0
cafta,0.0
gibson,0.0
stick,0.0
non-right-to-work,0.0
thompson,0.0
child,0.0
jail,0.0
black,0.0
learn,0.0
reward,0.0
patrol,0.0
chri,0.0
axi,0.0
chanc,0.0
dubai,0.0
foremost,0.0
reflect,0.0
special,0.0
endur,0.0
bald,0.0
mill,0.0
outsid,0.0
2,0.0
cute,0.0
spoke,0.0
abil,0.0
restraint,0.0
krauthamm,0.0
lightn,0.0
bicentenni,0.0
bog,0.0
fellow,0.0
compar,0.0
43,0.0
spin,0.0
captur,0.0
survivor,0.0
secretari,0.0
aipac,0.0
may,0.0
page,0.0
infanticid,0.0
quiet,0.0
busi,0.0
earlier,0.0
17.9,0.0
vietnam,0.0
corrupt,0.0
anyway,0.0
minut,0.0
profession,0.0
parlor,0.0
novemb,0.0
weigh,0.0
tryin,0.0
robocal,0.0
impact,0.0
catalog,0.0
servant,0.0
leav,0.0
hire,0.0
clinton/gor,0.0
controversi,0.0
angel,0.0
liber,0.0
'03,0.0
expir,0.0
among,0.0
temporari,0.0
coor,0.0
mad,0.0
overregul,0.0
1/2,0.0
%,0.0
backlog,0.0
conclus,0.0
1950,0.0
disproportion,0.0
doubl,0.0
launch,0.0
home,0.0
opportun,0.0
extraordinarili,0.0
343,0.0
buck,0.0
violenc,0.0
nibbl,0.0
's,0.0
save,0.0
singl,0.0
certain,0.0
carson,0.0
withdraw,0.0
sent,0.0
60,0.0
chao,0.0
everi,0.0
thank,0.0
unpreced,0.0
defend,0.0
incred,0.0
barney,0.0
card,0.0
modern,0.0
cancer,0.0
embassi,0.0
way,0.0
steel,0.0
75,0.0
written,0.0
middle-incom,0.0
malveaux,0.0
unfortun,0.0
pipelin,0.0
construct,0.0
noth,0.0
mask,0.0
capita,0.0
fossil,0.0
baier,0.0
age,0.0
moscow,0.0
enemi,0.0
road,0.0
opinion,0.0
right,0.0
plight,0.0
racism,0.0
better,0.0
workplac,0.0
ame,0.0
state,0.0
liabil,0.0
airport,0.0
obama,0.0
welcom,0.0
falsehood,0.0
laughter,0.0
sander,0.0
greatest,0.0
univers,0.0
dartmouth,0.0
without,0.0
wait,0.0
3,0.0
theoret,0.0
collect,0.0
night,0.0
knee,0.0
volunt,0.0
fat,0.0
vice-presidenti,0.0
burden,0.0
sister,0.0
rough,0.0
150-a-month,0.0
lesbian,0.0
drop,0.0
hypocrit,0.0
identif,0.0
lid,0.0
eighth,0.0
comfort,0.0
1984,0.0
corp,0.0
businesses—70,0.0
editori,0.0
got,0.0
internet,0.0
fifteen,0.0
search,0.0
yahoo,0.0
ill,0.0
republican,0.0
head,0.0
resourc,0.0
off-road,0.0
oppon,0.0
embarrass,0.0
shoot,0.0
whole,0.0
disdain,0.0
waterboard,0.0
water,0.0
sort,0.0
damper,0.0
policeman,0.0
seiz,0.0
sky,0.0
rehab,0.0
back,0.0
traffick,0.0
target,0.0
smaller,0.0
tanker,0.0
e-mail,0.0
achiev,0.0
transact,0.0
brutal,0.0
across,0.0
seriou,0.0
sheriff,0.0
input,0.0
biggest,0.0
bentsen,0.0
750,0.0
gingrich,0.0
imagin,0.0
sacrific,0.0
necessarili,0.0
context,0.0
letter,0.0
deliber,0.0
husband,0.0
mean,0.0
pale,0.0
enfield,0.0
vacuum,0.0
enter,0.0
exclud,0.0
properli,0.0
pump,0.0
trial,0.0
envoy,0.0
must,0.0
opposit,0.0
anderson,0.0
wager,0.0
time,0.0
anti-,0.0
class,0.0
life,0.0
haley,0.0
casualti,0.0
sizabl,0.0
respect,0.0
guest,0.0
abov,0.0
demonstr,0.0
97,0.0
els,0.0
date,0.0
bubbl,0.0
welfar,0.0
american,0.0
mccain-feingold,0.0
rebuild,0.0
accomplish,0.0
rush,0.0
form,0.0
oldest,0.0
foreclos,0.0
helen,0.0
local,0.0
japanes,0.0
borrow,0.0
hole,0.0
90,0.0
headway,0.0
toughest,0.0
paus,0.0
themselv,0.0
lackawanna,0.0
miranda,0.0
gallon,0.0
join,0.0
concert,0.0
much,0.0
bucet,0.0
wall,0.0
stronger,0.0
35,0.0
soul,0.0
short,0.0
battalion,0.0
disast,0.0
ishmel,0.0
gun,0.0
societi,0.0
marxist,0.0
hell,0.0
oper,0.0
errol,0.0
predict,0.0
mani,0.0
darnel,0.0
immigr,0.0
ministeri,0.0
excel,0.0
jointli,0.0
five,0.0
liquid,0.0
j.,0.0
pour,0.0
lot,0.0
gore,0.0
choos,0.0
laugh,0.0
extraordinari,0.0
assess,0.0
rip,0.0
argument,0.0
bulk,0.0
sever,0.0
emphas,0.0
concur,0.0
fought,0.0
crime,0.0
chose,0.0
six,0.0
rocket,0.0
west,0.0
disillus,0.0
charg,0.0
serv,0.0
pastor,0.0
prosper,0.0
soviet,0.0
outsourc,0.0
altern,0.0
nativ,0.0
work,0.0
right-hand,0.0
wide,0.0
monitor,0.0
paul,0.0
handl,0.0
badli,0.0
carl,0.0
cosign,0.0
broad,0.0
energi,0.0
lousi,0.0
fund,0.0
sixth,0.0
everyon,0.0
european,0.0
assassin,0.0
bain,0.0
asham,0.0
bader,0.0
et,0.0
deal,0.0
palestinian,0.0
replac,0.0
restructur,0.0
weather,0.0
huge,0.0
fear,0.0
sawyer,0.0
'd,0.0
poverti,0.0
reach,0.0
vast,0.0
democraci,0.0
20,0.0
teacher,0.0
lift,0.0
mindset,0.0
indic,0.0
2004,0.0
easiest,0.0
insid,0.0
assad,0.0
financ,0.0
dri,0.0
ca,0.0
establish,0.0
sauc,0.0
appoint,0.0
pursuit,0.0
despic,0.0
willow,0.0
member,0.0
benghazi,0.0
moin,0.0
trump,0.0
ninth,0.0
pittsburgh,0.0
after-school,0.0
2002,0.0
karen,0.0
relationship,0.0
river,0.0
compact,0.0
embargo,0.0
ha,0.0
rico,0.0
hyster,0.0
adult,0.0
harold,0.0
poorer,0.0
safer,0.0
ah,0.0
amend,0.0
12.5,0.0
station,0.0
unpopular,0.0
26,0.0
traumat,0.0
exact,0.0
get,0.0
anxiou,0.0
surgeon,0.0
understand,0.0
poll,0.0
newt,0.0
parenthood,0.0
0.65,0.0
cabinet,0.0
wrote,0.0
report,0.0
stake,0.0
glass,0.0
to—brought,0.0
januari,0.0
contracept,0.0
fleet,0.0
lotta,0.0
allow,0.0
teammat,0.0
repeat,0.0
thought,0.0
investig,0.0
pension,0.0
guidelin,0.0
1993,0.0
inaccur,0.0
bernardino,0.0
doctor,0.0
ball,0.0
sudden,0.0
appeal,0.0
turnout,0.0
challeng,0.0
increas,0.0
languag,0.0
misquot,0.0
transpar,0.0
capac,0.0
kennedi,0.0
frank,0.0
ryan,0.0
wand,0.0
giveaway,0.0
fun,0.0
silver,0.0
invest,0.0
ambit,0.0
signific,0.0
vega,0.0
montana,0.0
debt,0.0
decis,0.0
tribut,0.0
chicago,0.0
tragedi,0.0
abroad,0.0
one-point—what,0.0
pass,0.0
deficit,0.0
100,0.0
immort,0.0
healthiest,0.0
merit,0.0
rocker,0.0
quicker,0.0
sensit,0.0
justifi,0.0
never,0.0
wealthi,0.0
engin,0.0
exercis,0.0
level,0.0
overdu,0.0
secondari,0.0
pick,0.0
significantli,0.0
mossadegh,0.0
asid,0.0
suzann,0.0
1994,0.0
besid,0.0
farmer,0.0
bret,0.0
shorter,0.0
leader,0.0
hagel,0.0
tamper-proof,0.0
reduc,0.0
taxat,0.0
crash,0.0
qaeda,0.0
tour,0.0
lay,0.0
jonathan,0.0
solid,0.0
regim,0.0
hangup,0.0
limbaugh,0.0
ethanol,0.0
hussein,0.0
schedul,0.0
space,0.0
china,0.0
pollut,0.0
48,0.0
difficulti,0.0
dropout,0.0
o'reilli,0.0
comput,0.0
campbel,0.0
whenev,0.0
write,0.0
preposter,0.0
effici,0.0
titl,0.0
zone,0.0
loophol,0.0
concern,0.0
expert,0.0
key,0.0
one-par,0.0
inflat,0.0
astair,0.0
radic,0.0
administr,0.0
incumb,0.0
ted,0.0
dummi,0.0
russert,0.0
domin,0.0
standard,0.0
barbara,0.0
list,0.0
stephanopoulo,0.0
argentina,0.0
consequ,0.0
shut,0.0
partner,0.0
odd,0.0
check,0.0
young,0.0
reject,0.0
wish,0.0
loudli,0.0
septemb,0.0
idea,0.0
barbershop,0.0
grow,0.0
led,0.0
toward,0.0
instanc,0.0
te,0.0
10th,0.0
gasolin,0.0
deport,0.0
right-to-work,0.0
gov,0.0
wallac,0.0
freddi,0.0
baghdad,0.0
heel,0.0
april,0.0
brit,0.0
a.,0.0
reconstruct,0.0
cop,0.0
progress,0.0
incest,0.0
alert,0.0
constern,0.0
absent,0.0
nuclear,0.0
prayer,0.0
britch,0.0
brief,0.0
deni,0.0
overwhelm,0.0
payment,0.0
later,0.0
contamin,0.0
mckinsey,0.0
adolf,0.0
approach,0.0
excus,0.0
2006,0.0
gopac,0.0
linkag,0.0
israel,0.0
basi,0.0
comprehens,0.0
carter,0.0
food,0.0
grace,0.0
popular,0.0
agenc,0.0
penni,0.0
diagnos,0.0
!,0.0
media,0.0
676,0.0
white,0.0
nearli,0.0
tone,0.0
doc,0.0
enthusiasm,0.0
glad,0.0
reassert,0.0
sharpton,0.0
{,0.0
anyth,0.0
phi,0.0
inner,0.0
earn,0.0
courag,0.0
host,0.0
hama,0.0
befor,0.0
beat,0.0
degrad,0.0
secur,0.0
impress,0.0
guarante,0.0
rather,0.0
obliter,0.0
playbook,0.0
connect,0.0
eagl,0.0
loyal,0.0
restor,0.0
person,0.0
farrakhan,0.0
so—and,0.0
treasuri,0.0
clear,0.0
ensur,0.0
result,0.0
profit,0.0
moment,0.0
especi,0.0
obama-clinton,0.0
iran,0.0
rule,0.0
enjoy,0.0
technolog,0.0
baldi,0.0
doe,0.0
lie,0.0
que,0.0
1976,0.0
hammer,0.0
well-known,0.0
700,0.0
rapidli,0.0
say,0.0
persist,0.0
bright,0.0
name,0.0
kappa,0.0
prevent,0.0
fine,0.0
sculptur,0.0
golf,0.0
think,0.0
prosecutor,0.0
consum,0.0
saw,0.0
paper,0.0
easier,0.0
polici,0.0
monday,0.0
subchapt,0.0
isol,0.0
ticket,0.0
impli,0.0
so-and-so,0.0
week,0.0
toe-to-to,0.0
common,0.0
neglect,0.0
ginger,0.0
neighborhood,0.0
immigration-bash,0.0
labor,0.0
creator,0.0
love,0.0
premis,0.0
strongli,0.0
lock,0.0
vest,0.0
factor,0.0
wright,0.0
lead,0.0
tell,0.0
texan,0.0
housew,0.0
lose,0.0
clarifi,0.0
rank,0.0
word,0.0
revers,0.0
rebalanc,0.0
fatwa,0.0
also,0.0
resum,0.0
9/11,0.0
experienc,0.0
text,0.0
educ,0.0
differenti,0.0
travel,0.0
frankli,0.0
unarm,0.0
via,0.0
howev,0.0
basebal,0.0
weapon,0.0
opensecrets.org,0.0
timber,0.0
tire,0.0
shape,0.0
realist,0.0
aid,0.0
suprem,0.0
chines,0.0
point,0.0
thinker,0.0
sure,0.0
salvador,0.0
rise,0.0
option,0.0
preselect,0.0
background,0.0
wealth,0.0
mandat,0.0
near,0.0
concentr,0.0
control,0.0
doorstep,0.0
press,0.0
directli,0.0
dahl,0.0
happen,0.0
fratern,0.0
awar,0.0
co-presid,0.0
music,0.0
style,0.0
abraham,0.0
ayatollah,0.0
louisiana,0.0
tuesday,0.0
articul,0.0
fals,0.0
elev,0.0
faith,0.0
need,0.0
metropoli,0.0
counsel,0.0
fast-food,0.0
importantli,0.0
industri,0.0
citizenship,0.0
correct,0.0
seri,0.0
base,0.0
jersey,0.0
tyrant,0.0
refurbish,0.0
depart,0.0
probabl,0.0
san,0.0
can—and,0.0
170,0.0
privileg,0.0
afghanistan,0.0
democratically-elect,0.0
tough,0.0
structur,0.0
prepar,0.0
patriot,0.0
continu,0.0
sisterhood,0.0
208,0.0
audienc,0.0
asset,0.0
recipi,0.0
southern,0.0
18,0.0
credit,0.0
daylight,0.0
seven,0.0
serious,0.0
elli,0.0
cover,0.0
environ,0.0
readi,0.0
bork,0.0
'60,0.0
folk,0.0
project,0.0
victim,0.0
joint,0.0
boy,0.0
sanctuari,0.0
campu,0.0
team,0.0
ambassador,0.0
emanuel,0.0
owe,0.0
present,0.0
protect,0.0
unlik,0.0
prosecut,0.0
hormuz,0.0
elderli,0.0
enhanc,0.0
floor,0.0
superior,0.0
graduat,0.0
compani,0.0
condit,0.0
brown,0.0
sanction,0.0
outlet,0.0
choir,0.0
depend,0.0
sinc,0.0
crew,0.0
gather,0.0
follow-up,0.0
dole/kemp,0.0
pois,0.0
21,0.0
strength,0.0
liver,0.0
blow,0.0
role,0.0
187,0.0
favor,0.0
dollar,0.0
},0.0
watch,0.0
backward,0.0
120,0.0
mine,0.0
kucinich,0.0
optim,0.0
appreci,0.0
forth,0.0
bind,0.0
1961,0.0
willingli,0.0
religion,0.0
cain,0.0
unintend,0.0
russia,0.0
bigger,0.0
visit,0.0
rebel,0.0
profil,0.0
miser,0.0
sustain,0.0
agent,0.0
overthrow,0.0
reiter,0.0
bermuda,0.0
island,0.0
attitud,0.0
pathway,0.0
prior,0.0
previou,0.0
intellectu,0.0
both—i,0.0
guy,0.0
dna,0.0
contest,0.0
boo,0.0
colon,0.0
brand,0.0
separ,0.0
send,0.0
chair,0.0
proper,0.0
perman,0.0
curb,0.0
meant,0.0
disgust,0.0
barri,0.0
oftentim,0.0
unconstitut,0.0
conclud,0.0
dole,0.0
automat,0.0
creation,0.0
homosexu,0.0
exampl,0.0
bank,0.0
nie,0.0
execut,0.0
real,0.0
heavili,0.0
grasp,0.0
mold,0.0
cap,0.0
gotten,0.0
green,0.0
21st,0.0
survey,0.0
castro,0.0
seen,0.0
golden,0.0
strait,0.0
evan,0.0
alreadi,0.0
taller,0.0
cheney,0.0
charter,0.0
preferenti,0.0
mario,0.0
code,0.0
stood,0.0
univis,0.0
cetera,0.0
passion,0.0
radiat,0.0
maintain,0.0
broken,0.0
wood,0.0
hour,0.0
test,0.0
veto,0.0
've,0.0
suit,0.0
implic,0.0
guilti,0.0
remind,0.0
mutual,0.0
coupl,0.0
organ,0.0
appli,0.0
room,0.0
behavior,0.0
emot,0.0
reverend,0.0
edward,0.0
son,0.0
legal,0.0
left-w,0.0
inevit,0.0
elimin,0.0
segment,0.0
daniel,0.0
absenc,0.0
collaps,0.0
ceo,0.0
topic,0.0
second,0.0
ship,0.0
mass,0.0
barker,0.0
unavail,0.0
climat,0.0
treati,0.0
calla,0.0
worker,0.0
admit,0.0
reprehens,0.0
chief,0.0
claim,0.0
version,0.0
immedi,0.0
wast,0.0
ago,0.0
demon,0.0
total,0.0
lawyer,0.0
misus,0.0
versu,0.0
goy,0.0
happi,0.0
prioriti,0.0
strangl,0.0
bradley,0.0
owner,0.0
nafta,0.0
figur,0.0
instead,0.0
definit,0.0
rehabilit,0.0
discourag,0.0
normal,0.0
case,0.0
mother,0.0
represent,0.0
uncondit,0.0
roger,0.0
disqualifi,0.0
portabl,0.0
spew,0.0
hillari,0.0
major,0.0
112,0.0
no-fli,0.0
spiral,0.0
draft,0.0
known,0.0
well-educ,0.0
overwhelmingli,0.0
land,0.0
smithsonian,0.0
transcript,0.0
somehow,0.0
larger,0.0
school,0.0
virtual,0.0
fix,0.0
disadvantag,0.0
800,0.0
expect,0.0
qatar,0.0
leg,0.0
congression,0.0
danger,0.0
violat,0.0
hoc,0.0
overturn,0.0
grandchildren,0.0
props,0.0
209,0.0
older,0.0
voluntari,0.0
pocket,0.0
panel,0.0
war,0.0
tape,0.0
top-down,0.0
freeli,0.0
babi,0.0
genuin,0.0
sneak,0.0
emin,0.0
unaccount,0.0
rate,0.0
left-wing-back,0.0
bosnia,0.0
heard,0.0
discount,0.0
subpoena,0.0
woman,0.0
subprim,0.0
recruit,0.0
platter,0.0
2050,0.0
current,0.0
purchas,0.0
wing,0.0
parti,0.0
repositori,0.0
scientif,0.0
conced,0.0
civil,0.0
pleas,0.0
iraqi,0.0
job-friendli,0.0
situat,0.0
oh,0.0
new,0.0
ourselv,0.0
sworn,0.0
job,0.0
baselin,0.0
commend,0.0
sweet,0.0
lobbyist,0.0
fast,0.0
interest,0.0
debat,0.0
tend,0.0
system,0.0
jewish-american,0.0
kinda,0.0
activ,0.0
suppli,0.0
rob,0.0
suddenli,0.0
birth-right,0.0
high,0.0
clinton,0.0
medic,0.0
antidiscrimin,0.0
great,0.0
judici,0.0
solv,0.0
predic,0.0
juan,0.0
court,0.0
beer,0.0
onto,0.0
instrument,0.0
long-term,0.0
apprentic,0.0
strang,0.0
row,0.0
interview,0.0
oppos,0.0
impuls,0.0
museum,0.0
export,0.0
decenc,0.0
600,0.0
alter,0.0
stuff,0.0
tel,0.0
determin,0.0
co-op,0.0
satellit,0.0
inherit,0.0
use,0.0
choic,0.0
assur,0.0
pennsylvania,0.0
wetland,0.0
bauer,0.0
healthcar,0.0
militari,0.0
jeff,0.0
500,0.0
agre,0.0
conserv,0.0
echo,0.0
kill,0.0
quit,0.0
math,0.0
add—look,0.0
de,0.0
missouri,0.0
payrol,0.0
institut,0.0
patent,0.0
march,0.0
anbar,0.0
campaign,0.0
promot,0.0
commerc,0.0
cheer,0.0
interrupt,0.0
anyplac,0.0
bless,0.0
anyon,0.0
pride,0.0
inaugur,0.0
urg,0.0
9-9-9,0.0
abbott,0.0
hand-up,0.0
mechan,0.0
karl,0.0
poor,0.0
highli,0.0
somewhat,0.0
race,0.0
schlesing,0.0
truste,0.0
chang,0.0
newspap,0.0
repatri,0.0
show,0.0
train,0.0
afford,0.0
blitzer,0.0
embolden,0.0
english,0.0
contributor,0.0
church,0.0
wors,0.0
mondal,0.0
bulli,0.0
barack,0.0
attent,0.0
yeah,0.0
influenc,0.0
130-year-old,0.0
sexist,0.0
screw,0.0
hard-work,0.0
man,0.0
could,0.0
quarter,0.0
technic,0.0
dispel,0.0
step,0.0
understood,0.0
regain,0.0
.to,0.0
bargain,0.0
dealt,0.0
williamsburg,0.0
oath,0.0
videotap,0.0
flow,0.0
path,0.0
sentiment,0.0
family-own,0.0
site,0.0
start,0.0
grant,0.0
whi,0.0
unbeliev,0.0
amelior,0.0
estat,0.0
employe,0.0
restrict,0.0
300,0.0
respons,0.0
order,0.0
endors,0.0
selfish,0.0
1980,0.0
possibl,0.0
scalia,0.0
warren,0.0
appl,0.0
live,0.0
clariti,0.0
potenti,0.0
acquir,0.0
la,0.0
servic,0.0
fed,0.0
realli,0.0
toy,0.0
two,0.0
sorri,0.0
darn,0.0
clone,0.0
unnecessari,0.0
broadcast,0.0
captain,0.0
voucher,0.0
shift,0.0
sale,0.0
specif,0.0
either,0.0
cost,0.0
crimin,0.0
battl,0.0
kosovo,0.0
11,0.0
hardwork,0.0
sad,0.0
conscious,0.0
colleagu,0.0
independ,0.0
branch,0.0
plan,0.0
encourag,0.0
d.c.,0.0
mexico,0.0
strongest,0.0
tancredo,0.0
wherev,0.0
foreign,0.0
destabil,0.0
collar,0.0
ai,0.0
lincoln,0.0
accus,0.0
devalu,0.0
racial,0.0
jurisdict,0.0
142,0.0
public,0.0
buick,0.0
settl,0.0
flirt,0.0
propos,0.0
return,0.0
ounc,0.0
produc,0.0
box,0.0
period,0.0
pornographi,0.0
stark,0.0
men,0.0
measur,0.0
round,0.0
video,0.0
mix,0.0
unequivoc,0.0
jewish,0.0
seven-buck-an-hour,0.0
squander,0.0
soldier,0.0
jeremiah,0.0
160,0.0
candid,0.0
scout,0.0
hous,0.0
canadian,0.0
kelli,0.0
massiv,0.0
weak,0.0
focus,0.0
outstand,0.0
evolv,0.0
cnn/tea,0.0
fenc,0.0
pull,0.0
athlet,0.0
sammi,0.0
obey,0.0
1990,0.0
feet,0.0
inaud,0.0
medvedev,0.0
usama,0.0
55,0.0
mental,0.0
bob,0.0
fraud,0.0
involv,0.0
combat,0.0
donat,0.0
belong,0.0
whatev,0.0
pac,0.0
given,0.0
1978,0.0
comment,0.0
inspect,0.0
misrepres,0.0
presid,0.0
car,0.0
gay,0.0
googl,0.0
—excus,0.0
jake,0.0
impeach,0.0
zero,0.0
catastroph,0.0
congratul,0.0
lobbi,0.0
patient,0.0
upward,0.0
mistak,0.0
commerci,0.0
strip,0.0
surg,0.0
revenu,0.0
hottest,0.0
note,0.0
father,0.0
veri,0.0
cell,0.0
actual,0.0
dark,0.0
commander-in-chief,0.0
employ,0.0
address,0.0
sanctiti,0.0
basic,0.0
96,0.0
session,0.0
ranger,0.0
cashier,0.0
exchang,0.0
custom,0.0
moral,0.0
polish,0.0
columbia,0.0
link,0.0
assemblyman,0.0
william,0.0
worri,0.0
citizen,0.0
label,0.0
unconscion,0.0
forecast,0.0
plaqu,0.0
messag,0.0
1.6,0.0
medicar,0.0
agreement,0.0
stay,0.0
gadhafi,0.0
doubt,0.0
carniv,0.0
hand,0.0
richardson,0.0
promin,0.0
compet,0.0
celebr,0.0
entir,0.0
human,0.0
crumbl,0.0
close,0.0
ex-wif,0.0
ninety-two,0.0
warm,0.0
ford,0.0
keyston,0.0
declin,0.0
forget,0.0
10.5,0.0
putin,0.0
clean,0.0
opt-out,0.0
bilater,0.0
biden,0.0
follow,0.0
bernard,0.0
amnesti,0.0
affirm,0.0
vancouv,0.0
respond,0.0
issu,0.0
congressman,0.0
undecid,0.0
iranian,0.0
compassion,0.0
racist,0.0
leadership,0.0
quot,0.0
quayl,0.0
want,0.0
complet,0.0
jordan,0.0
n't,0.0
unlock,0.0
post,0.0
economist,0.0
process,0.0
peso,0.0
distinct,0.0
surviv,0.0
enterpris,0.0
factori,0.0
record,0.0
abus,0.0
scare,0.0
light,0.0
tight,0.0
come,0.0
wolf,0.0
onli,0.0
eas,0.0
along,0.0
undermin,0.0
re-elect,0.0
territori,0.0
facebook,0.0
citi,0.0
heart,0.0
brownfield,0.0
proport,0.0
predat,0.0
judgment,0.0
etern,0.0
grand,0.0
advertis,0.0
v.a,0.0
effect,0.0
massachusett,0.0
intent,0.0
waiter,0.0
osama,0.0
marijuana,0.0
knock,0.0
sir,0.0
polar,0.0
ok.,0.0
less,0.0
unaccept,0.0
precinct,0.0
history-,0.0
soil,0.0
california,0.0
seem,0.0
1947,0.0
varieti,0.0
cloud,0.0
put,0.0
sound,0.0
punit,0.0
ear,0.0
trust,0.0
store,0.0
worthi,0.0
orlando,0.0
bully-pulpit,0.0
1802,0.0
anywher,0.0
gaza,0.0
creat,0.0
26th,0.0
weekend,0.0
harlem,0.0
revolutionari,0.0
bracket,0.0
worldwid,0.0
leverag,0.0
reconcil,0.0
arab,0.0
barb,0.0
richard,0.0
similar,0.0
gilmor,0.0
dure,0.0
kerri,0.0
psycholog,0.0
benign,0.0
aspir,0.0
candidaci,0.0
illinoi,0.0
consider,0.0
convinc,0.0
bold,0.0
taxpay,0.0
rest,0.0
add,0.0
monetari,0.0
thanksgiv,0.0
30,0.0
neg,0.0
york,0.0
tag,0.0
martha,0.0
today,0.0
rememb,0.0
hopgood,0.0
fbi,0.0
perot,0.0
accord,0.0
raleigh,0.0
king,0.0
denigr,0.0
anthoni,0.0
aw,0.0
rich,0.0
latino,0.0
ad,0.0
governor,0.0
dodd,0.0
defeat,0.0
membership,0.0
detect,0.0
resid,0.0
transform,0.0
lower-incom,0.0
line-item,0.0
ross,0.0
import,0.0
particip,0.0
lender,0.0
solicit,0.0
open,0.0
hi,0.0
deepli,0.0
clip,0.0
electr,0.0
caucu,0.0
cut,0.0
pay,0.0
florida,0.0
7.6,0.0
around,0.0
made,0.0
initi,0.0
foster,0.0
mao,0.0
countercharg,0.0
traffic,0.0
deliv,0.0
fulli,0.0
destroy,0.0
intend,0.0
chronic,0.0
inconveni,0.0
whose,0.0
mauricio,0.0
innov,0.0
strengthen,0.0
correctli,0.0
fuel,0.0
offic,0.0
'',0.0
recal,0.0
unemploy,0.0
flood,0.0
krugman,0.0
compass,0.0
allot,0.0
humbl,0.0
tim,0.0
elit,0.0
conduct,0.0
compel,0.0
frack,0.0
except,0.0
part,0.0
taxabl,0.0
domain,0.0
sank,0.0
charli,0.0
remov,0.0
push,0.0
irrespons,0.0
marin,0.0
eye,0.0
abid,0.0
domest,0.0
honor,0.0
bottom,0.0
scatter,0.0
jack,0.0
flyer,0.0
medicaid,0.0
hill,0.0
burgeon,0.0
origin,0.0
convers,0.0
took,0.0
retain,0.0
giuliani,0.0
latina,0.0
everyth,0.0
futur,0.0
off-mik,0.0
arrog,0.0
field,0.0
ownership,0.0
emphasi,0.0
khrushchev,0.0
develop,0.0
properti,0.0
bail,0.0
restaur,0.0
lifetim,0.0
illeg,0.0
phone,0.0
armenia,0.0
junctur,0.0
kid,0.0
cynthia,0.0
circl,0.0
heartland,0.0
matter,0.0
exactli,0.0
barrio,0.0
nonsens,0.0
detain,0.0
gain,0.0
keep,0.0
hope,0.0
passiv,0.0
pose,0.0
8,0.0
eve,0.0
mire,0.0
fascist,0.0
finish,0.0
accur,0.0
oversea,0.0
polic,0.0
fashion,0.0
50,0.0
oughta,0.0
warfar,0.0
for—you,0.0
benedict,0.0
competit,0.0
littl,0.0
give,0.0
minor,0.0
strike,0.0
1973,0.0
squar,0.0
dictatorship,0.0
cuba,0.0
fierc,0.0
end,0.0
mention,0.0
licens,0.0
review,0.0
openli,0.0
tune,0.0
—,0.0
wo,0.0
help,0.0
2.8,0.0
adopt,0.0
view,0.0
worst,0.0
fair,0.0
hate,0.0
begin,0.0
plu,0.0
stress,0.0
disengag,0.0
felon,0.0
altogeth,0.0
dictat,0.0
hit,0.0
away,0.0
loui,0.0
former,0.0
constantli,0.0
francisco,0.0
sore,0.0
roe,0.0
drill,0.0
engines—w,0.0
ga,0.0
shambl,0.0
fall,0.0
speak,0.0
legislatur,0.0
built,0.0
broke,0.0
backbon,0.0
onlin,0.0
winnin,0.0
waitress,0.0
magnet,0.0
thousand,0.0
scholarship,0.0
schip,0.0
propaganda,0.0
threat,0.0
sell,0.0
hunter,0.0
job-kil,0.0
year,0.0
beach,0.0
220,0.0
beseech,0.0
hypocrisi,0.0
invas,0.0
levin,0.0
concept,0.0
toxin,0.0
so-cal,0.0
absolut,0.0
partnership,0.0
cultur,0.0
account,0.0
still,0.0
kraft,0.0
shot,0.0
stock,0.0
design,0.0
preced,0.0
overtax,0.0
pardon,0.0
stapl,0.0
children,0.0
packag,0.0
disagr,0.0
anti-semit,0.0
enforc,0.0
swim,0.0
fee,0.0
ronald,0.0
smart,0.0
warn,0.0
magazin,0.0
abl,0.0
lloyd,0.0
mel,0.0
call,0.0
state-mand,0.0
laps,0.0
buy,0.0
ladi,0.0
comparison,0.0
on-sit,0.0
one,0.0
petraeu,0.0
punish,0.0
``,0.0
courtesi,0.0
plain,0.0
go,0.0
sand,0.0
gop,0.0
burger,0.0
tri,0.0
wonder,0.0
brother,0.0
whether,0.0
fairer,0.0
overal,0.0
r-rate,0.0
advisor,0.0
safeti,0.0
fundament,0.0
load,0.0
blame,0.0
entrepreneur,0.0
invit,0.0
forrest,0.0
neighbor,0.0
becaus,0.0
washington,0.0
champion,0.0
insult,0.0
mainstream,0.0
minist,0.0
soria,0.0
headlin,0.0
chairman,0.0
suffer,0.0
student,0.0
shoe,0.0
veteran,0.0
syndrom,0.0
co-sponsor,0.0
visa,0.0
solut,0.0
canada,0.0
request,0.0
cohort,0.0
refus,0.0
make,0.0
obamacar,0.0
women,0.0
rig,0.0
10-million-word,0.0
anybodi,0.0
depress,0.0
marriag,0.0
partli,0.0
number,0.0
horribl,0.0
premium,0.0
automobil,0.0
diminish,0.0
histori,0.0
proposit,0.0
in—what,0.0
21-year-old,0.0
question,0.0
express,0.0
navi,0.0
neutral,0.0
share,0.0
law,0.0
sens,0.0
willing,0.0
articl,0.0
hear,0.0
handicap,0.0
carnag,0.0
qualifi,0.0
money—y,0.0
robin,0.0
grew,0.0
testifi,0.0
suarez,0.0
david,0.0
qualiti,0.0
mob,0.0
death,0.0
saber,0.0
evil,0.0
michigan,0.0
requir,0.0
myrtl,0.0
over-pol,0.0
moder,0.0
mandatori,0.0
bodi,0.0
overstep,0.0
worth,0.0
identifi,0.0
social,0.0
consensu,0.0
sign,0.0
realiti,0.0
calam,0.0
assum,0.0
heighten,0.0
virtu,0.0
attack,0.0
steve,0.0
houston,0.0
penalti,0.0
behalf,0.0
non-,0.0
conveni,0.0
beneath,0.0
countri,0.0
individu,0.0
tail,0.0
manufactur,0.0
incid,0.0
lake,0.0
2014,0.0
2016,0.0
240,0.0
peril,0.0
paycheck,0.0
alli,0.0
provinc,0.0
caus,0.0
rio,0.0
wade,0.0
earli,0.0
booth,0.0
rural,0.0
hundr,0.0
actor,0.0
vladimir,0.0
rattl,0.0
sweden,0.0
mortgag,0.0
beta,0.0
coast,0.0
centuri,0.0
say—i,0.0
terribl,0.0
culprit,0.0
deadlin,0.0
liar,0.0
wealthiest,0.0
sought,0.0
scapego,0.0
diplomat,0.0
vigor,0.0
cross,0.0
declar,0.0
dumbest,0.0
subcommitte,0.0
pop,0.0
gold,0.0
businessman,0.0
unless,0.0
aircraft,0.0
past,0.0
trillion,0.0
perez,0.0
balanc,0.0
2001.,0.0
town,0.0
introduc,0.0
conflict,0.0
manag,0.0
global,0.0
main,0.0
mexican,0.0
contact,0.0
pharmaceut,0.0
bill,0.0
pictur,0.0
syria,0.0
cathol,0.0
delic,0.0
greater,0.0
elizabeth,0.0
duti,0.0
thing,0.0
ethic,0.0
provid,0.0
reserv,0.0
god,0.0
firm,0.0
speaker,0.0
complain,0.0
element,0.0
state-control,0.0
mayb,0.0
forum,0.0
culpabl,0.0
inject,0.0
pro,0.0
infrastructur,0.0
best,0.0
tabl,0.0
ahead,0.0
redeploy,0.0
big,0.0
tv,0.0
st.,0.0
gdp,0.0
taylor,0.0
arabia,0.0
donald,0.0
yesterday,0.0
ukrain,0.0
salt,0.0
imper,0.0
side,0.0
signal,0.0
bomber,0.0
confid,0.0
heaven,0.0
submit,0.0
even,0.0
bore,0.0
struggl,0.0
breakfast,0.0
fred,0.0
qaida,0.0
stand,0.0
govern,0.0
virginia,0.0
larg,0.0
gener,0.0
belief,0.0
trade,0.0
confront,0.0
afraid,0.0
line,0.0
carri,0.0
hume,0.0
percent,0.0
cnn,0.0
react,0.0
african,0.0
cheaper,0.0
none,0.0
ambigu,0.0
eight,0.0
haig,0.0
ever,0.0
perform,0.0
voluntarili,0.0
permiss,0.0
afternoon,0.0
romney,0.0
chile,0.0
divers,0.0
confirm,0.0
brons,0.0
set,0.0
rais,0.0
principl,0.0
voic,0.0
air,0.0
atpbs.org/newshour,0.0
outcom,0.0
tennesse,0.0
1970,0.0
late,0.0
elementari,0.0
jeb,0.0
practic,0.0
academ,0.0
b,0.0
reactor,0.0
procedur,0.0
blue,0.0
gon,0.0
highest,0.0
upon,0.0
twist,0.0
million,0.0
offici,0.0
00,0.0
mail,0.0
nobodi,0.0
attract,0.0
paid,0.0
east,0.0
career,0.0
isi,0.0
forward,0.0
succeed,0.0
richer,0.0
terrif,0.0
libya,0.0
front,0.0
aftermath,0.0
limb,0.0
behind,0.0
fire,0.0
outdon,0.0
problem,0.0
bet,0.0
brett,0.0
not-for-profit,0.0
best-sel,0.0
street,0.0
take,0.0
landslid,0.0
undocu,0.0
kemp,0.0
overstay,0.0
purpos,0.0
valu,0.0
19,0.0
neurologist,0.0
oil,0.0
dynam,0.0
budget,0.0
compil,0.0
131,0.0
billion,0.0
relat,0.0
brownback,0.0
nine,0.0
anymor,0.0
inner-c,0.0
intern,0.0
2secretari,0.0
consolid,0.0
bachmann,0.0
low,0.0
soro,0.0
whoever,0.0
forb,0.0
symbol,0.0
revamp,0.0
popul,0.0
diaz-balart,0.0
inspir,0.0
preschool,0.0
believ,0.0
16,0.0
habitat,0.0
empower,0.0
occur,0.0
suppos,0.0
justic,0.0
espous,0.0
analysi,0.0
dearli,0.0
secret,0.0
band-aid,0.0
k-12,0.0
mark,0.0
obama-car,0.0
1917.,0.0
immin,0.0
senat,0.0
last,0.0
wise,0.0
prerog,0.0
now—if,0.0
revolut,0.0
ann,0.0
stop,0.0
let,0.0
devic,0.0
scurril,0.0
ani,0.0
player,0.0
third,0.0
gravel,0.0
foothold,0.0
ii,0.0
're,0.0
top,0.0
posit,0.0
vacanc,0.0
pilot,0.0
uniform,0.0
recogn,0.0
retrain,0.0
atest,0.0
rid,0.0
anthem,0.0
middl,0.0
answer,0.0
quickli,0.0
liberti,0.0
wa,0.0
ground,0.0
disabl,0.0
troubl,0.0
commiss,0.0
classifi,0.0
spanish,0.0
dream,0.0
toni,0.0
rubio-schum,0.0
arena,0.0
disparag,0.0
korea,0.0
garnish,0.0
difficult,0.0
corpor,0.0
twice,0.0
almost,0.0
play,0.0
high-level,0.0
carlo,0.0
delusion,0.0
trail,0.0
anti-latino,0.0
super,0.0
act,0.0
chronicl,0.0
suck,0.0
'08,0.0
recent,0.0
chest,0.0
christi,0.0
pair,0.0
deep,0.0
fli,0.0
bare,0.0
knew,0.0
extrem,0.0
laid,0.0
non-funct,0.0
girl,0.0
surpris,0.0
sourc,0.0
realiz,0.0
talk,0.0
commit,0.0
bound,0.0
nape,0.0
theolog,0.0
accept,0.0
necessari,0.0
okay,0.0
1964,0.0
kobelinski,0.0
egregi,0.0
success,0.0
meet,0.0
goe,0.0
feel,0.0
dodd-frank,0.0
thin,0.0
nearbi,0.0
2.2,0.0
exam,0.0
risk,0.0
colleg,0.0
hostag,0.0
dig,0.0
usa,0.0
feckless,0.0
snowbal,0.0
70,0.0
frame,0.0
wan,0.0
attempt,0.0
orang,0.0
divis,0.0
30-second,0.0
per,0.0
25,0.0
fidel,0.0
d.c,-2.1694300083146786e-06
nice,-1.2625131490271262e-05
mayor,-1.2646563000306366e-05
part-tim,-1.4595445457182634e-05
insur,-1.6305857173790993e-05
martinez,-2.953386827036556e-05
al,-4.413805796554781e-05
coverag,-4.537747392677312e-05
miami,-5.0356953207494406e-05
dr.,-5.399978720620637e-05
someth,-7.414516923955266e-05
bad,-0.00010901692761443917
michel,-0.00011094197801574721
book,-0.0001126576880325281
friend,-0.00012120366268480206
ralli,-0.00012231226139914784
alright,-0.00012431113861373445
benjamin,-0.0001361006263538243
household,-0.00013908689476377874
beauti,-0.0001447679843937025
news,-0.0001572142784951906
health,-0.00017132184427399164
$,-0.00020990422586499106
incom,-0.00021077641640185346
hardest,-0.00022546312497372906
historian,-0.00022660628943372484
gone,-0.00023440903447255647
ben,-0.00025115050339985463
madam,-0.00026683989102270543
150,-0.00027011526789001494
count,-0.00029547116833161585
shine,-0.0003189342180426836
sometim,-0.00032866220334885226
flag,-0.0003493232244959933
began,-0.0003620024231878768
ceil,-0.00039289258185530725
track,-0.00040348905648041457
40,-0.00042128182040652296
unfair,-0.00043974755853432463
statist,-0.0004689567364344211
simpli,-0.000501834009890859
freedom,-0.0005167167535651158
armi,-0.0005327003828159482
british,-0.0005858970084853554
2000,-0.0006001246482688061
retak,-0.0006170694093623946
6,-0.0006362456002170281
42,-0.0008092754783366717
insight,-0.0008369462599308325
russian,-0.0008555960445607895
advis,-0.0008638364056710026
bernank,-0.0008920606512043935
hanov,-0.0008920606512043935
brown-black,-0.0008920606512043935
tactic,-0.000987416118530853
weaken,-0.0010395733772084596
uncertain,-0.0012251947770043528
draw,-0.001832872817660502
ms.,-0.0019090067073579075
assumpt,-0.002166196472669899
resist,-0.0021913319183255
extend,-0.0025367466843599384
agenda,-0.0026599357912558226
circumst,-0.002686829847745966
movement,-0.002923415241224923
appropri,-0.003178726624685673
resolv,-0.0034154123443506713
impos,-0.0038081790227731957
transit,-0.004162639954394315
aggress,-0.004205185412984201
affair,-0.006485520655688205
serbia,-0.007401918507390576
aim,-0.009512350522183034
exclus,-0.00989817900230625
milwauke,-112.90970270401353
panelist,-280.13446954661174
single-pay,-407.9422803473316
ileana,-885.2714406462618
h.r,-1383.2964434816085
ros-lehtinen,-2392.9387433292395
